id,didok,bpuic,name,short_name
id_8506175,6175,8506175,Jakobstal,JTAL
id_8509267,9267,8509267,Ftan Baraigla,FTAN
id_8501284,1284,8501284,Les Chevalleyres,CHEV
id_8503408,3408,8503408,Rekingen AG,REK
id_8508003,8003,8508003,Hindelbank,HBK
id_8504144,4144,8504144,Yverdon-Champ Pittet,CHP
id_8508184,8184,8508184,Lindenholz,LHO
id_8506202,6202,8506202,Dietfurt,DTF
id_8506213,6213,8506213,Bischofszell Stadt,BZS
id_8501285,1285,8501285,Fayaux,FAY
id_8507096,7096,8507096,Papiermühle,PAPI
id_8509193,9193,8509193,Surava,SURA
id_8509065,9065,8509065,Saas im Prättigau,SAAS
id_8509075,9075,8509075,Davos Frauenkirch,DAF
id_8506188,6188,8506188,Bronschhofen AMP,BROA
id_8504219,4219,8504219,Auvernier,AUV
id_8502191,2191,8502191,Binzenhof,BIHO
id_8519685,19685,8519685,Aarau Torfeld,ATOR
id_8509157,9157,8509157,Arosa,AROS
id_8504221,4221,8504221,Neuchâtel,NE
id_8503231,3231,8503231,Ennenda,EDA
id_8502113,2113,8502113,Aarau,AA
id_8508250,8250,8508250,Schwäbis,SWB
id_8503410,3410,8503410,Rietheim,RIET
id_8506206,6206,8506206,Wil SG,WIL
id_8506389,6389,8506389,Alter Zoll,AZO
id_8506388,6388,8506388,Warmesberg,WBG
id_8503421,3421,8503421,Jestetten,JE
id_8503420,3420,8503420,Lottstetten,LOT
id_8500115,115,8500115,Grellingen,GREL
id_8506351,6351,8506351,Ruderbach,RUDB
id_8506313,6313,8506313,Rheineck,RCK
id_8503312,3312,8503312,Oberglatt ZH,OGL
id_8503301,3301,8503301,Pfäffikon ZH,PFZ
id_8515995,15995,8515995,Cham Alpenblick,CHAA
id_8506286,6286,8506286,Appenzell,APPZ
id_8506220,6220,8506220,Algetshausen-Henau,ALG
id_8506209,6209,8506209,Flawil,FLA
id_8503118,3118,8503118,Benken SG,BNK
id_8503117,3117,8503117,Kaltbrunn,KAB
id_8503104,3104,8503104,Meilen,ML
id_8502227,2227,8502227,Steinhausen,STE
id_8502218,2218,8502218,Sins,SINS
id_8502217,2217,8502217,Mühlau,MUEH
id_8530708,30708,8530708,Neuchâtel Evole,NELI
id_8509189,9189,8509189,Thusis,THS
id_8508151,8151,8508151,Langenthal Gaswerk,LTHG
id_8504228,4228,8504228,Twann,TWN
id_8501083,1083,8501083,Reverolle,REV
id_8502027,2027,8502027,Hitzkirch,HIK
id_8501500,1500,8501500,Martigny,MA
id_8501377,1377,8501377,Les Avants,AVA
id_8509053,9053,8509053,Untervaz-Trimmis,UVAZ
id_8502274,2274,8502274,Zufikon,ZUFI
id_8502197,2197,8502197,Hirschthal,HIT
id_8502178,2178,8502178,Obermuhen,OMUH
id_8503093,3093,8503093,Zürich Manegg,ZMA
id_8503290,3290,8503290,Biberegg,BIGG
id_8500273,273,8500273,St. Katharinen,STKA
id_8504462,4462,8504462,Lattrigen,LATR
id_8504461,4461,8504461,Nidau,NIDA
id_8507381,7381,8507381,Schwendi bei Grindelwald,SWDG
id_8500292,292,8500292,Klus,KLUS
id_8500201,201,8500201,Lengnau BE,LEN
id_8500206,206,8500206,Solothurn West,SW
id_8500203,203,8500203,Bettlach,BET
id_8505165,5165,8505165,Andermatt,AND
id_8507380,7380,8507380,Grindelwald,GRIN
id_8504306,4306,8504306,Cortébert,CO
id_8508101,8101,8508101,Roggwil-Wynau,ROG
id_8504475,4475,8504475,Gerolfingen,GERO
id_8504065,4065,8504065,Vaulruz-Sud,VAUS
id_8504464,4464,8504464,Hagneck,HECK
id_8505412,5412,8505412,Riazzino,RIAZ
id_8508287,8287,8508287,Mussachen,MUSS
id_8508083,8083,8508083,Burgdorf Buchmatt,BDFB
id_8508161,8161,8508161,Kaltenherberg,KAHE
id_8508182,8182,8508182,Lotzwil,LOTZ
id_8508261,8261,8508261,Biglen,BIG
id_8508252,8252,8508252,Lädeli,LAED
id_8508262,8262,8508262,Walkringen,WALK
id_8509062,9062,8509062,Jenaz,JAZ
id_8504067,4067,8504067,La Tour-de-Trême,TOUV
id_8505303,5303,8505303,Maroggia-Melano,MAR
id_8504325,4325,8504325,Colombier NE Littorail,CNLI
id_8588122,88122,8588122,Landschlacht,LDS
id_8506216,6216,8506216,Kradolf,KRA
id_8506012,6012,8506012,Guntershausen,GUN
id_8501084,1084,8501084,Le Manège,MANE
id_8501306,1306,8501306,Chamby-Musée,CABM
id_8509173,9173,8509173,Rueun,RUEU
id_8504136,4136,8504136,Cousset,COUS
id_8509198,9198,8509198,Preda,PRED
id_8506017,6017,8506017,Wiesendangen,WD
id_8504411,4411,8504411,Münchenbuchsee,MUEB
id_8505492,5492,8505492,Verscio,VESC
id_8506126,6126,8506126,Münsterlingen-Scherzingen,MSCH
id_8504415,4415,8504415,Busswil BE,BUS
id_8508059,8059,8508059,Jegenstorf,JEG
id_8501374,1374,8501374,Fontanivent,FON
id_8501265,1265,8501265,La Chiésaz,CHIZ
id_8504071,4071,8504071,Lessoc,LES
id_8500211,211,8500211,Niederbipp,NB
id_8502248,2248,8502248,Bremgarten Obertor,BGOT
id_8501403,1403,8501403,St-Maurice,SM
id_8509265,9265,8509265,Guarda,GUA
id_8504392,4392,8504392,Les Brenets,BREN
id_8507291,7291,8507291,Weissenbach,WBA
id_8508254,8254,8508254,Brenzikofen,BK
id_8507388,7388,8507388,Wilderswil,WILD
id_8500280,280,8500280,Solothurn Baseltor,SOBT
id_8503204,3204,8503204,Horgen,HG
id_8509154,9154,8509154,Peist,PEI
id_8506024,6024,8506024,Stammheim,STM
id_8506179,6179,8506179,Lüdem,LUED
id_8509078,9078,8509078,Davos Wiesen,WIES
id_8503237,3237,8503237,Diesbach-Betschwanden,DSB
id_8501124,1124,8501124,Cully,CU
id_8509003,9003,8509003,Maienfeld,MF
id_8509175,9175,8509175,Tavanasa-Breil/Brigels,TABR
id_8508294,8294,8508294,Gettnau,GET
id_8506025,6025,8506025,Etzwilen,EW
id_8509050,9050,8509050,Chur West,CHWE
id_8506148,6148,8506148,St. Katharinental,STKT
id_8506170,6170,8506170,Münchwilen Pflegeheim,PFL
id_8504216,4216,8504216,Noiraigue,NOI
id_8508396,8396,8508396,Grafenort,GRAF
id_8508319,8319,8508319,Horw,HW
id_8503097,3097,8503097,Langnau-Gattikon,LNG
id_8508311,8311,8508311,Kaiserstuhl OW,KAI
id_8508310,8310,8508310,Lungern,LUN
id_8502184,2184,8502184,Gränichen Oberdorf,GRAO
id_8502174,2174,8502174,Bleien Liebegg,BLN
id_8503285,3285,8503285,Schindellegi-Feusisberg,SCHI
id_8518802,18802,8518802,Donaueschingen,
id_8518801,18801,8518801,Allensbach,
id_8518813,18813,8518813,Titisee,
id_8518831,18831,8518831,Murg (Baden),
id_8505585,5585,8505585,Druogno,DRSS
id_8505572,5572,8505572,Villette (Vigezzo),VILE
id_8505594,5594,8505594,Prestinone,PREO
id_8505591,5591,8505591,Isella-Olgia,ISOL
id_8518853,18853,8518853,Ravensburg,
id_8518820,18820,8518820,Friedrichshafen Stadt,
id_8518854,18854,8518854,Ulm Hbf,
id_8505599,5599,8505599,Verigo,VEGO
id_8507086,7086,8507086,Niederscherli,NS
id_8504066,4066,8504066,Vuadens-Sud,VUA
id_8508301,8301,8508301,Ringgenberg,RIN
id_8508306,8306,8508306,Brienzwiler,BRW
id_8508084,8084,8508084,Kirchberg-Alchenflüh,KIAL
id_8519133,19133,8519133,Fribourg/Freiburg Poya,FRPO
id_8508081,8081,8508081,Burgdorf Steinhof,BDFS
id_8508309,8309,8508309,Brünig-Hasliberg,BRUE
id_8505306,5306,8505306,Balerna,BAL
id_8505395,5395,8505395,Agno,AGNO
id_8505415,5415,8505415,S. Antonino,SAN
id_8504115,4115,8504115,Thörishaus Dorf,THOD
id_8508154,8154,8508154,Aarwangen Schloss,AARS
id_8508256,8256,8508256,Stalden i.E.,STAL
id_8508070,8070,8508070,Oberzollikofen,OBZO
id_8507087,7087,8507087,Mittelhäusern,MHN
id_8503070,3070,8503070,Emmat,EMMA
id_8503067,3067,8503067,Zollikerberg,ZKBG
id_8506283,6283,8506283,Urnäsch,UR
id_8501671,1671,8501671,Fürgangen-Bellwald Talstation,FUER
id_8504000,4000,8504000,Pully-Nord,PUN
id_8501458,1458,8501458,Villy,VY
id_8507297,7297,8507297,Oey-Diemtigen,OE
id_8508208,8208,8508208,Trubschachen,TSCH
id_8504089,4089,8504089,Broc-Fabrique,BROF
id_8501497,1497,8501497,Col-de-Soud,COLS
id_8501179,1179,8501179,Pont-de-Drapel,PTD
id_8501468,1468,8501468,Aigle-Château,AIGT
id_8501392,1392,8501392,Rossinière,ROSI
id_8501494,1494,8501494,Arveyes,ARVE
id_8501160,1160,8501160,Lausanne-Chauderon,LSCH
id_8501100,1100,8501100,Le Pont,PT
id_8506038,6038,8506038,Winterthur Wallrüti,WWAL
id_8506000,6000,8506000,Winterthur,W
id_8509260,9260,8509260,Cinuos-chel-Brail,CIN
id_8509258,9258,8509258,Zuoz,ZUOZ
id_8501498,1498,8501498,Bouquetins,BOUQ
id_8500300,300,8500300,Kaiseraugst,KAU
id_8519048,19048,8519048,Gonten Alpsteinblick,ALPS
id_8502042,2042,8502042,Hochdorf Schönau,HOSA
id_8506302,6302,8506302,St. Gallen,SG
id_8503130,3130,8503130,Hinwil,HI
id_8509252,9252,8509252,Celerina,CELE
id_8501229,1229,8501229,Monthey-En Place,MTHP
id_8504215,4215,8504215,Travers,TR
id_8500122,122,8500122,Bassecourt,BSC
id_8509069,9069,8509069,Cavadürli,CDUE
id_8504028,4028,8504028,Rosé,ROS
id_8509188,9188,8509188,Cazis,CAZI
id_8501383,1383,8501383,Planchamp,PLAC
id_8507005,7005,8507005,Rubigen,RUB
id_8509373,9373,8509373,Bernina Lagalb,BELA
id_8500188,188,8500188,Bonfol,BONF
id_8500220,220,8500220,Dotzigen,DON
id_8510670,10670,8510670,Trélex dépôt,
id_8504482,4482,8504482,Gampelen,GP
id_8507008,7008,8507008,Kiesen,KI
id_8587595,87595,8587595,Chaulin-Cornaux,CHCO
id_8506196,6196,8506196,Lengwil,LENG
id_8506183,6183,8506183,Tobel-Affeltrangen,TOA
id_8503232,3232,8503232,Mitlödi,MIT
id_8509150,9150,8509150,Chur Altstadt,CHSA
id_8503230,3230,8503230,Glarus,GL
id_8508395,8395,8508395,Innertkirchen Grimseltor,INNP
id_8530263,30263,8530263,Yverdon William Barbey,YVWB
id_8530260,30260,8530260,Le Locle Le Chalet,CHET
id_8504072,4072,8504072,Albeuve,ALBE
id_8502272,2272,8502272,Bremgarten West,BGW
id_8507379,7379,8507379,Mürren BLM,MUER
id_8504086,4086,8504086,Bulle,BUL
id_8508255,8255,8508255,Oberdiessbach,OD
id_8509263,9263,8509263,Susch,SUS
id_8502208,2208,8502208,Horgen Oberdorf,HGO
id_8506201,6201,8506201,Lichtensteig,LSG
id_8509153,9153,8509153,St. Peter-Molinis,STPM
id_8504021,4021,8504021,Vauderens,VD
id_8509197,9197,8509197,Bergün/Bravuogn,BEBR
id_8530711,30711,8530711,Colombier NE Allées Littorail,CNAL
id_8509072,9072,8509072,Davos Dorf,DAD
id_8501112,1112,8501112,Chavornay,CHV
id_8500172,172,8500172,La Chaux-des-Breuleux,CHXB
id_8506203,6203,8506203,Bütschwil,BUET
id_8508260,8260,8508260,Grosshöchstetten,GH
id_8506047,6047,8506047,Andelfingen,AN
id_8501580,1580,8501580,Etiez,ETIE
id_8501579,1579,8501579,Le Châble VS,CHAB
id_8508158,8158,8508158,Scharnageln,SNAG
id_8504079,4079,8504079,La Tour-de-Trême Ronclina,TDT
id_8501601,1601,8501601,Leuk,LK
id_8505393,5393,8505393,Cappella-Agnuzzo,CAAG
id_8509266,9266,8509266,Ardez,ADZ
id_8504481,4481,8504481,Marin-Epagnier,MEP
id_8504017,4017,8504017,Châtillens,CHAT
id_8501281,1281,8501281,Blonay,BLON
id_8501111,1111,8501111,Essert-Pittet,ESP
id_8506379,6379,8506379,Altstätten Stadt,ALST
id_8502010,2010,8502010,St. Erhard-Knutwil,STER
id_8502000,2000,8502000,Aarburg-Oftringen,ABO
id_8517527,17527,8517527,Zug Casino,ZGCA
id_8505005,5005,8505005,Steinen,STN
id_8505004,5004,8505004,Arth-Goldau,GD
id_8505003,5003,8505003,Immensee,IM
id_8505001,5001,8505001,Meggen,MEG
id_8501502,1502,8501502,Saxon,SAX
id_8501404,1404,8501404,Evionnaz,EV
id_8509417,9417,8509417,Murg,MG
id_8509416,9416,8509416,Unterterzen,UNT
id_8509402,9402,8509402,Salez-Sennwald,SAS
id_8501116,1116,8501116,Vufflens-la-Ville,VU
id_8501115,1115,8501115,Cossonay-Penthalaz,COS
id_8504224,4224,8504224,Cressier NE,CRNE
id_8504223,4223,8504223,Cornaux NE,CORN
id_8508213,8213,8508213,Entlebuch,ENT
id_8501003,1003,8501003,Satigny,SY
id_8500313,313,8500313,Rheinfelden Augarten,RFAU
id_8500092,92,8500092,Hölstein Süd,HOES
id_8501463,1463,8501463,Monthey-Ville,MTHV
id_8501171,1171,8501171,Etagnières,ETA
id_8587727,87727,8587727,Les Ripes,RIPE
id_8504381,4381,8504381,La Chaux-de-Fonds-Grenier,CFG
id_8503402,3402,8503402,Eglisau,EGL
id_8509253,9253,8509253,St. Moritz,SMOR
id_8509178,9178,8509178,Sumvitg-Cumpadials,SUCU
id_8501575,1575,8501575,Bovernier,BOVE
id_8502161,2161,8502161,Teufenthal AG,TEU
id_8501159,1159,8501159,Le Brassus,BRA
id_8507470,7470,8507470,Lalden,LL
id_8506138,6138,8506138,Eschenz,EZ
id_8502032,2032,8502032,Boniswil,BONI
id_8501687,1687,8501687,Randa,RAND
id_8501162,1162,8501162,Union-Prilly,UPRI
id_8505467,5467,8505467,Solduno S. Martino,SMAR
id_8508253,8253,8508253,Heimberg,HMB
id_8508278,8278,8508278,Dürrenroth,DROT
id_8501107,1107,8501107,Arnex,AX
id_8504010,4010,8504010,La Conversion,CVN
id_8504013,4013,8504013,Chexbres-Village,CHX
id_8503425,3425,8503425,Feuerthalen,FT
id_8504040,4040,8504040,Corseaux-Cornalles,CORS
id_8501014,1014,8501014,Mies,MIES
id_8501023,1023,8501023,Coppet,COP
id_8501108,1108,8501108,La Sarraz,LSA
id_8501151,1151,8501151,Les Charbonnières,CHB
id_8501064,1064,8501064,Bassins,BASS
id_8506198,6198,8506198,Tägerwilen Dorf,TAEM
id_8501675,1675,8501675,Betten Talstation,BEMG
id_8500186,186,8500186,Alle,ALLE
id_8504489,4489,8504489,Bern Bümpliz Nord,BNBZ
id_8504194,4194,8504194,Laupen BE,LPN
id_8509180,9180,8509180,Felsberg,FBG
id_8502194,2194,8502194,Oberentfelden Engelplatz,OEFW
id_8501470,1470,8501470,Verschiez,VERC
id_8506300,6300,8506300,St. Gallen Winkeln,SGWI
id_8503138,3138,8503138,Wald ZH,WL
id_8502119,2119,8502119,Lenzburg,LB
id_8508292,8292,8508292,Hüswil,HUE
id_8506132,6132,8506132,Tägerwilen-Gottlieben,TAEG
id_8509404,9404,8509404,Buchs SG,BU
id_8506137,6137,8506137,Mammern,MAM
id_8501393,1393,8501393,La Chaudanne-Les Moulins,CHAU
id_8506362,6362,8506362,Schwarzer Bären,SBAR
id_8508391,8391,8508391,Stans,STAN
id_8508399,8399,8508399,Engelberg,EBG
id_8501085,1085,8501085,Ballens-Froideville,FRD
id_8503020,3020,8503020,Zürich Hardbrücke,ZHDB
id_8503512,3512,8503512,Glanzenberg,GLZB
id_8503141,3141,8503141,Küsnacht Goldbach,KGO
id_8503054,3054,8503054,Zürich Triemli,TRLI
id_8506301,6301,8506301,St. Gallen Bruggen,SGBR
id_8506043,6043,8506043,Winterthur Wülflingen,WWUE
id_8506041,6041,8506041,Embrach-Rorbas,EMB
id_8503087,3087,8503087,Zürich Saalsporthalle,ZSAA
id_8503052,3052,8503052,Zürich Friesenberg,FRIB
id_8503086,3086,8503086,Zürich Brunau,ZBRU
id_8503051,3051,8503051,Zürich Binz,ZBZ
id_8501405,1405,8501405,Vernayaz,VERN
id_8509054,9054,8509054,Zizers,ZIZ
id_8500024,24,8500024,Lausen,LSN
id_8503101,3101,8503101,Küsnacht ZH,KUES
id_8502278,2278,8502278,Reppischhof,REPP
id_8502186,2186,8502186,Dietikon Stoffelbach,DSTO
id_8503201,3201,8503201,Rüschlikon,RUES
id_8501402,1402,8501402,Bex,BEX
id_8501035,1035,8501035,Allaman,ALL
id_8502128,2128,8502128,Holderbank AG,HOBK
id_8519077,19077,8519077,St-Cergue Les Cheseaux,SCLC
id_8501069,1069,8501069,L'Asse,ASSE
id_8505174,5174,8505174,Dieni,DIEN
id_8501054,1054,8501054,La Gottaz,GOT
id_8504296,4296,8504296,Six-Fontaines,SIXF
id_8501198,1198,8501198,Château-d'Oex La Palaz,PALZ
id_8501394,1394,8501394,Château-d'Oex,CHOE
id_8501479,1479,8501479,Les Diablerets,DIAB
id_8501033,1033,8501033,Rolle,ROL
id_8509350,9350,8509350,Celerina Staz,CELS
id_8502105,2105,8502105,Othmarsingen,OTH
id_8509359,9359,8509359,Cadera,CADE
id_8507083,7083,8507083,Köniz,KOE
id_8508204,8204,8508204,Bowil,BOW
id_8508263,8263,8508263,Bigenthal,BIGE
id_8500103,103,8500103,Sorvilier,SOR
id_8515997,15997,8515997,Root D4,LBD
id_8504192,4192,8504192,Neuenegg,NGG
id_8509076,9076,8509076,Davos Glaris,DAGL
id_8500123,123,8500123,Glovelier,GLO
id_8505214,5214,8505214,Giubiasco,GIU
id_8504220,4220,8504220,Neuchâtel-Serrières,NESE
id_8501666,1666,8501666,Reckingen VS,RECK
id_8504129,4129,8504129,Galmiz,GZ
id_8530261,30261,8530261,Bois-de-Chexbres,BCHX
id_8505216,5216,8505216,Rivera-Bironico,RIB
id_8505307,5307,8505307,Chiasso,CHI
id_8501605,1605,8501605,Visp,VI
id_8509170,9170,8509170,Castrisch,CASR
id_8503228,3228,8503228,Netstal,NET
id_8502169,2169,8502169,Menziken,ME
id_8504287,4287,8504287,Fleurier,FLE
id_8501125,1125,8501125,Epesses,EPS
id_8501387,1387,8501387,Les Cases,CASE
id_8509071,9071,8509071,Davos Wolfgang,DAW
id_8509073,9073,8509073,Davos Platz,DAV
id_8505408,5408,8505408,Ranzo-S. Abbondio,RZO
id_8505405,5405,8505405,Quartino,QUA
id_8504138,4138,8504138,Grolley,GRO
id_8504391,4391,8504391,Les Frêtes,FRET
id_8505495,5495,8505495,Corcapolo,CORA
id_8504234,4234,8504234,Chambrelien,CHN
id_8503110,3110,8503110,Rapperswil SG,RW
id_8501384,1384,8501384,Sonzier,SONZ
id_8500301,301,8500301,Rheinfelden,RF
id_8503526,3526,8503526,Regensdorf-Watt,REG
id_8506378,6378,8506378,Gais,GAIS
id_8506369,6369,8506369,Trogen,TRO
id_8503505,3505,8503505,Wettingen,WE
id_8503423,3423,8503423,Neuhausen,NH
id_8506305,6305,8506305,Goldach,GOL
id_8506304,6304,8506304,Mörschwil,MOER
id_8503318,3318,8503318,Niederweningen Dorf,NWD
id_8503309,3309,8503309,Kloten Balsberg,KLB
id_8500034,34,8500034,Buckten,BUC
id_8500032,32,8500032,Sommerau,SOM
id_8500025,25,8500025,Itingen,IT
id_8518924,18924,8518924,Neuhausen Rheinfall,NHRH
id_8515994,15994,8515994,Zug Fridbach,ZGFR
id_8506280,6280,8506280,Herisau Wilen,WILE
id_8506276,6276,8506276,Strahlholz,STRH
id_8500016,16,8500016,Basel St. Johann,BSSJ
id_8506207,6207,8506207,Schwarzenbach SG,SCHZ
id_8503136,3136,8503136,Fischenthal,FI
id_8503115,3115,8503115,Schmerikon,SCME
id_8503016,3016,8503016,Zürich Flughafen,ZFH
id_8506122,6122,8506122,Uttwil,UTW
id_8502230,2230,8502230,Zug Chollermüli,KMUE
id_8502226,2226,8502226,Knonau,KNO
id_8502221,2221,8502221,Birmensdorf ZH,BIR
id_8502219,2219,8502219,Oberrüti,OI
id_8506184,6184,8506184,Märwil,MAE
id_8504303,4303,8504303,La Heutte,LHE
id_8505304,5304,8505304,Capolago-Riva S. Vitale,CAP
id_8503427,3427,8503427,Schlatt TG,SCHT
id_8501379,1379,8501379,Les Sciernes,SCI
id_8504236,4236,8504236,Les Geneveys-sur-Coffrane,GEC
id_8508159,8159,8508159,Niederbipp Dorf,NBD
id_8501663,1663,8501663,Ulrichen,ULR
id_8509186,9186,8509186,Rothenbrunnen,ROTH
id_8530011,30011,8530011,Les Coeudres-Est,COED
id_8504386,4386,8504386,Les Coeudres,COEU
id_8502275,2275,8502275,Widen Heinrüti,HEIN
id_8502168,2168,8502168,Reinach AG,REI
id_8518701,18701,8518701,Wohlen Fulenbach,WOFU
id_8504474,4474,8504474,Mörigen,MGEN
id_8509168,9168,8509168,Versam-Safien,VESA
id_8502001,2001,8502001,Zofingen,ZF
id_8502273,2273,8502273,Bremgarten,BREG
id_8503413,3413,8503413,Kaiserstuhl AG,KAAG
id_8508183,8183,8508183,Madiswil,MADI
id_8505406,5406,8505406,Magadino-Vira,MAG
id_8504288,4288,8504288,Buttes,BT
id_8506106,6106,8506106,Bürglen TG,BGL
id_8508100,8100,8508100,Langenthal,LTH
id_8517336,17336,8517336,Luzern Verkehrshaus,LZVH
id_8501506,1506,8501506,Sion,SIO
id_8500399,399,8500399,Waldshut,WAH
id_8501301,1301,8501301,Territet,TER
id_8501376,1376,8501376,Chamby,CABY
id_8508201,8201,8508201,Tägertschi,TI
id_8506289,6289,8506289,Wasserauen,WASS
id_8508181,8181,8508181,Langenthal Süd,LTHS
id_8506294,6294,8506294,Brunnadern-Neckertal,BRN
id_8503134,3134,8503134,Bauma,BMA
id_8501382,1382,8501382,Châtelard VD,CHAL
id_8501509,1509,8501509,Sierre/Siders,SIE
id_8505404,5404,8505404,Cadenazzo,CD
id_8504132,4132,8504132,Estavayer-le-Lac,EST
id_8504231,4231,8504231,Les Deurres,DEU
id_8503226,3226,8503226,Nieder- und Oberurnen,NOU
id_8506015,6015,8506015,Räterschen,RAET
id_8506005,6005,8506005,Rikon,RN
id_8502203,2203,8502203,Cham,CHAM
id_8502202,2202,8502202,Rotkreuz,RK
id_8502033,2033,8502033,Birrwil,BWL
id_8502021,2021,8502021,Emmenbrücke,EBR
id_8502019,2019,8502019,Ermensee,ESEE
id_8502012,2012,8502012,Emmenbrücke Kapf,RBGD
id_8505011,5011,8505011,Merlischachen,MERL
id_8505006,5006,8505006,Schwyz,SCHW
id_8501600,1600,8501600,Salgesch,SAL
id_8504225,4225,8504225,Le Landeron,LD
id_8501006,1006,8501006,Meyrin,VM
id_8500320,320,8500320,Stein-Säckingen,STS
id_8508102,8102,8508102,Murgenthal,MGT
id_8500174,174,8500174,Le Noirmont,NOMO
id_8509167,9167,8509167,Trin,TRIN
id_8501466,1466,8501466,Champéry-Village,CRYV
id_8504388,4388,8504388,Les Ponts-de-Martel,PDM
id_8530225,30225,8530225,Le Stand,STD
id_8517481,17481,8517481,S-chanf Marathon,SFM
id_8503400,3400,8503400,Bülach,BUE
id_8501302,1302,8501302,Veytaux-Chillon,VEY
id_8501200,1200,8501200,Vevey,VV
id_8503001,3001,8503001,Zürich Altstetten,ZAS
id_8504314,4314,8504314,La Chaux-de-Fonds,CF
id_8503222,3222,8503222,Schübelbach-Buttikon,SCBU
id_8501425,1425,8501425,Les Evouettes,EVOU
id_8501423,1423,8501423,Vionnaz,VIO
id_8501683,1683,8501683,Stalden-Saas,STAS
id_8501446,1446,8501446,Villars-sur-Ollon Golf,VIGO
id_8501499,1499,8501499,Col-de-Bretaye,COLB
id_8501026,1026,8501026,Genève-Aéroport,GEAP
id_8508392,8392,8508392,Dallenwil,DAL
id_8501426,1426,8501426,Bouveret,BOU
id_8500194,194,8500194,Pré-Petitjean,PREP
id_8500169,169,8500169,Muriaux,MUAU
id_8504181,4181,8504181,Givisiez,GIV
id_8504100,4100,8504100,Fribourg/Freiburg,FRI
id_8504078,4078,8504078,Le Pâquier-Montbarry,PAQ
id_8505392,5392,8505392,Magliaso Paese,MAGP
id_8500260,260,8500260,Crémines-Zoo,ZOO
id_8504186,4186,8504186,Münchenwiler-Courgevaux,MUCO
id_8507078,7078,8507078,Wabern bei Bern,WBB
id_8505401,5401,8505401,Tenero,TEN
id_8501398,1398,8501398,Saanen,SAAN
id_8504108,4108,8504108,Bern Europaplatz,BNAS
id_8515993,15993,8515993,Baar Lindenpark,BAAL
id_8503315,3315,8503315,Dielsdorf,DI
id_8501562,1562,8501562,Salvan,SLV
id_8501464,1464,8501464,Troistorrents,TROI
id_8501460,1460,8501460,Croix-du-Nant,CXN
id_8506375,6375,8506375,Teufen AR,TEUF
id_8503074,3074,8503074,Neue Forch,NFCH
id_8503015,3015,8503015,Zürich Wipkingen,ZWIP
id_8506282,6282,8506282,Zürchersmühle,ZUEM
id_8503287,3287,8503287,Burghalden,BGH
id_8504305,4305,8504305,Corgémont,COG
id_8502006,2006,8502006,Wauwil,WAU
id_8508264,8264,8508264,Schafhausen i.E.,SHIE
id_8500037,37,8500037,Trimbach,TRI
id_8501122,1122,8501122,Lutry,LTY
id_8530335,30335,8530335,Aigle-Hôpital,AIGH
id_8501080,1080,8501080,Le Marais,MARA
id_8501089,1089,8501089,Villars-Bozon,VIAB
id_8501091,1091,8501091,Vufflens-le-Château,VUF
id_8509353,9353,8509353,Morteratsch,MOTA
id_8530355,30355,8530355,Les Arnoux,ARNO
id_8501471,1471,8501471,Plambuit,PLAM
id_8501484,1484,8501484,Aigle-Dépôt,AIGD
id_8530523,30523,8530523,La Ruaz,RUAZ
id_8502115,2115,8502115,Wildegg,WI
id_8501154,1154,8501154,Les Esserts-de-Rive,EDR
id_8501495,1495,8501495,Villars-sur-Ollon,VIAR
id_8505179,5179,8505179,Segnas,SEG
id_8516218,16218,8516218,Winterthur Hegi,WHE
id_8503135,3135,8503135,Steg,STG
id_8503137,3137,8503137,Gibswil,GIB
id_8502104,2104,8502104,Hunzenschwil,HU
id_8504127,4127,8504127,Faoug,FG
id_8506376,6376,8506376,Steigbach,SBA
id_8530064,30064,8530064,Bex Pont-Neuf,BXPN
id_8504293,4293,8504293,Essert-sous-Champvent,ESSC
id_8508321,8321,8508321,Luzern Allmend/Messe,ALD
id_8505204,5204,8505204,Faido,FA
id_8501380,1380,8501380,Montreux-Collège,CGE
id_8506108,6108,8506108,Oberaach,OA
id_8504285,4285,8504285,Couvet,CVTR
id_8501636,1636,8501636,Eyholz,EYHO
id_8518830,18830,8518830,Lindau Hbf,
id_8501685,1685,8501685,St. Niklaus VS,SNK
id_8504419,4419,8504419,Biel Mett,BIM
id_8530613,30613,8530613,Tiefenbach DFB,
id_8500294,294,8500294,Balsthal,BTH
id_8508202,8202,8508202,Konolfingen,KF
id_8504413,4413,8504413,Suberg-Grossaffoltern,SUB
id_8504466,4466,8504466,Siselen-Finsterhennen,SIFI
id_8518771,18771,8518771,Biel/Bienne Bözingenfeld/Champ,BIBD
id_8508205,8205,8508205,Signau,SIGN
id_8508303,8303,8508303,Oberried am Brienzersee,OAB
id_8508302,8302,8508302,Niederried,NR
id_8508305,8305,8508305,Brienz,BRZ
id_8507495,7495,8507495,Leissigen,LSS
id_8504025,4025,8504025,Chénens,CHE
id_8505202,5202,8505202,Ambrì-Piotta,AP
id_8500217,217,8500217,Olten Hammer,OLH
id_8530799,30799,8530799,Meiringen Alpbach,MRAB
id_8500200,200,8500200,Pieterlen,PIE
id_8504029,4029,8504029,Matran,MTR
id_8500286,286,8500286,Attiswil,ATTI
id_8504307,4307,8504307,Courtelary,CTY
id_8504416,4416,8504416,Brügg BE,BGG
id_8504465,4465,8504465,Lüscherz,LUES
id_8508268,8268,8508268,Zollbrück,ZO
id_8508269,8269,8508269,Neumühle,NM
id_8500210,210,8500210,Wangen an der Aare,WAA
id_8504312,4312,8504312,Renan BE,RE
id_8504084,4084,8504084,Vaulruz-Nord,VAUL
id_8504101,4101,8504101,Düdingen,DUED
id_8506380,6380,8506380,Hirschberg,HIRS
id_8500309,309,8500309,Brugg AG,BG
id_8504302,4302,8504302,Reuchenette-Péry,REU
id_8503464,3464,8503464,Beringen Bad Bf,BERB
id_8504122,4122,8504122,Granges-Marnand,GM
id_8506143,6143,8506143,Münsterlingen Spital,MSPI
id_8501665,1665,8501665,Münster VS,MUET
id_8503234,3234,8503234,Nidfurn-Haslen,NID
id_8501087,1087,8501087,Mauraz,MAUZ
id_8501386,1386,8501386,Jor,JOR
id_8504140,4140,8504140,Muntelier-Löwenberg,LOEW
id_8509176,9176,8509176,Trun,TRUN
id_8518749,18749,8518749,Lyss Grien,LYGR
id_8501603,1603,8501603,Gampel-Steg,GA
id_8508185,8185,8508185,Kleindietwil,KDI
id_8530709,30709,8530709,Neuchâtel Champ-Bougin,NECB
id_8594466,94466,8594466,Martigny-Expo,MAXP
id_8505491,5491,8505491,Tegna,TEGN
id_8504200,4200,8504200,Yverdon-les-Bains,YV
id_8500165,165,8500165,Le Pied-d'Or,PIEO
id_8503460,3460,8503460,Schaffhausen Bad Bf,
id_8507007,7007,8507007,Wichtrach,WCH
id_8509174,9174,8509174,Waltensburg/Vuorz,WAVU
id_8506011,6011,8506011,Eschlikon TG,ESL
id_8501378,1378,8501378,Allières,ALLI
id_8509156,9156,8509156,Litzirüti,LITZ
id_8509368,9368,8509368,Campocologno,CAMP
id_8503463,3463,8503463,Neuhausen Bad Bf,NHB
id_8506129,6129,8506129,Konstanz,KO
id_8508327,8327,8508327,Ewil Maxon,EWMA
id_8506396,6396,8506396,Muolen,MUO
id_8508318,8318,8508318,Hergiswil NW,HGW
id_8503288,3288,8503288,Wollerau,WOL
id_8503286,3286,8503286,Samstagern,SAM
id_8503284,3284,8503284,Biberbrugg,BIB
id_8503282,3282,8503282,Rothenthurm,RTT
id_8503131,3131,8503131,Ettenhausen-Emmetschloo,ETH
id_8503089,3089,8503089,Wildpark-Höfli,WP
id_8508316,8316,8508316,Alpnach Dorf,ADF
id_8508313,8313,8508313,Sachseln,SACH
id_8501951,1951,8501951,Varzo,VAR
id_8518828,18828,8518828,Laufenburg (Baden),
id_8500094,94,8500094,Hirschlang,HING
id_8518812,18812,8518812,Neustadt (Schwarzw),
id_8518849,18849,8518849,Tuttlingen,
id_8505587,5587,8505587,Coimo,COIM
id_8518823,18823,8518823,Grenzach,
id_8518800,18800,8518800,Müllheim (Baden),
id_8518839,18839,8518839,Wehr-Brennet,
id_8518815,18815,8518815,Bad Säckingen,
id_8505584,5584,8505584,Malesco,MASS
id_8518850,18850,8518850,Aulendorf,
id_8518852,18852,8518852,Friedrichshafen Flughafen,
id_8518851,18851,8518851,Biberach (Riss),
id_8508055,8055,8508055,Unterzollikofen,UNZO
id_8503403,3403,8503403,Hüntwangen-Wil,HUEW
id_8501059,1059,8501059,Les Plantaz,PLAN
id_8509183,9183,8509183,Reichenau-Tamins,REIT
id_8509057,9057,8509057,Malans GR,MALA
id_8506182,6182,8506182,Bettwiesen,BTW
id_8500180,180,8500180,La Large-Journée,LARG
id_8504106,4106,8504106,Bern Bümpliz Süd,BNBS
id_8504495,4495,8504495,Bern Stöckacker,BNST
id_8507085,7085,8507085,Gasel,GAS
id_8501395,1395,8501395,Les Granges-Gérignoz,GRAC
id_8504292,4292,8504292,Valeyres-sous-Montagny,VASM
id_8509199,9199,8509199,Spinas,SPIN
id_8502002,2002,8502002,Brittnau-Wikon,BRIT
id_8501477,1477,8501477,Vers-l'Eglise,VEGL
id_8501201,1201,8501201,La Tour-de-Peilz,TOUR
id_8503313,3313,8503313,Niederglatt ZH,NG
id_8501166,1166,8501166,Romanel-sur-Lausanne,ROSL
id_8502196,2196,8502196,Unterentfelden Post,UNPO
id_8502215,2215,8502215,Muri AG,MI
id_8509412,9412,8509412,Mels,MELS
id_8501060,1060,8501060,La Cure,CURE
id_8501066,1066,8501066,Genolier,GEN
id_8504134,4134,8504134,Payerne,PAY
id_8503508,3508,8503508,Dietikon,DT
id_8501093,1093,8501093,Yens,YENS
id_8503525,3525,8503525,Otelfingen Golfpark,OFR
id_8502023,2023,8502023,Ballwil,BLL
id_8501473,1473,8501473,Les Planches (Aigle),PLAS
id_8509414,9414,8509414,Walenstadt,WAL
id_8503011,3011,8503011,Zürich Wiedikon,ZWIE
id_8503125,3125,8503125,Uster,UST
id_8503060,3060,8503060,Esslingen,ESSL
id_8506021,6021,8506021,Dinhard,DIH
id_8503056,3056,8503056,Ringlikon,RILI
id_8502120,2120,8502120,Küngoldingen,KGD
id_8517376,17376,8517376,Dietikon Schöneggstrasse,DTSS
id_8503203,3203,8503203,Oberrieden,ORD
id_8503509,3509,8503509,Schlieren,SCHL
id_8503304,3304,8503304,Kemptthal,KE
id_8503108,3108,8503108,Uerikon,UER
id_8506371,6371,8506371,St. Gallen Riethüsli,RITH
id_8501456,1456,8501456,Chemex,CHEX
id_8500302,302,8500302,Möhlin,MOE
id_8503207,3207,8503207,Richterswil,RI
id_8506355,6355,8506355,Heiden,HEI
id_8501118,1118,8501118,Renens VD,REN
id_8501048,1048,8501048,Lonay-Préverenges,LON
id_8530783,30783,8530783,Chez-le-Maître-Ecoles,CLME
id_8501067,1067,8501067,Givrins,GIVI
id_8501056,1056,8501056,Sus-Châtel,SUCH
id_8501164,1164,8501164,Cery-Fleur-de-Lys,CEF
id_8501095,1095,8501095,Ballens,BALL
id_8530066,30066,8530066,Grand-Moulin,GMOU
id_8501031,1031,8501031,Gland,GLA
id_8504120,4120,8504120,Moudon,MD
id_8505176,5176,8505176,Sedrun,SED
id_8508206,8206,8508206,Emmenmatt,EMM
id_8504311,4311,8504311,Sonvilier,SV
id_8509356,9356,8509356,Ospizio Bernina,OSBE
id_8504020,4020,8504020,Oron,OR
id_8501082,1082,8501082,Chardonney-Château,CHAC
id_8501097,1097,8501097,Pampigny-Sévery,PASE
id_8504412,4412,8504412,Schüpfen,SCUE
id_8506200,6200,8506200,Wattwil,WA
id_8503461,3461,8503461,Thayngen,THA
id_8503429,3429,8503429,Schlattingen,SCHN
id_8501635,1635,8501635,Gletsch,
id_8501607,1607,8501607,Domodossola,DO
id_8509361,9361,8509361,Poschiavo,POS
id_8509365,9365,8509365,Miralago,MIRA
id_8509064,9064,8509064,Küblis,KUEB
id_8501178,1178,8501178,Grésaley,GRES
id_8508210,8210,8508210,Escholzmatt,ESCH
id_8503113,3113,8503113,Blumenau,BLU
id_8508008,8008,8508008,Herzogenbuchsee,HB
id_8506277,6277,8506277,Schwende,SCDE
id_8506168,6168,8506168,Tägerschen,TAEN
id_8508005,8005,8508005,Burgdorf,BDF
id_8500100,100,8500100,Tavannes,TA
id_8505201,5201,8505201,Airolo,AI
id_8505212,5212,8505212,Castione-Arbedo,CAST
id_8500264,264,8500264,Oberdorf SO,ODF
id_8505209,5209,8505209,Biasca,BIA
id_8504103,4103,8504103,Flamatt,FLM
id_8506176,6176,8506176,Wängi,WAEN
id_8505112,5112,8505112,Flüelen,FL
id_8505113,5113,8505113,Altdorf UR,AL
id_8507275,7275,8507275,Stöckli,STOI
id_8507478,7478,8507478,Frutigen,FR
id_8500202,202,8500202,Grenchen Süd,GS
id_8500274,274,8500274,Feldbrunnen,FEBR
id_8508153,8153,8508153,Aarwangen,AARW
id_8505163,5163,8505163,Realp,REAL
id_8505164,5164,8505164,Hospental,HOS
id_8504484,4484,8504484,Müntschemier,MM
id_8516270,16270,8516270,Arbon Seemoosriet,ARBS
id_8505399,5399,8505399,Sorengo,SOGO
id_8507066,7066,8507066,Stettlen,STTL
id_8500267,267,8500267,Crémines,CREM
id_8503428,3428,8503428,Diessenhofen,DSH
id_8517519,17519,8517519,Stabio,STAF
id_8506036,6036,8506036,Reutlingen,REUT
id_8502204,2204,8502204,Zug,ZG
id_8502106,2106,8502106,Mägenwil,MAEG
id_8502103,2103,8502103,Suhr,SUHR
id_8502028,2028,8502028,Emmenbrücke Gersag,GSAG
id_8502022,2022,8502022,Eschenbach LU,ESB
id_8502011,2011,8502011,Oberkirch LU,OBK
id_8502008,2008,8502008,Nottwil,NO
id_8505018,5018,8505018,Meggen Zentrum,MEGZ
id_8501503,1503,8501503,Riddes,RID
id_8501421,1421,8501421,Monthey,MTH
id_8501420,1420,8501420,Massongex,MAS
id_8509400,9400,8509400,Oberriet SG,ORT
id_8517142,17142,8517142,Lancy-Bachet,CABA
id_8517131,17131,8517131,Pratteln Salina Raurica,PRSR
id_8517112,17112,8517112,Walchwil Hörndli,WCHO
id_8504208,4208,8504208,Boudry,BDR
id_8501022,1022,8501022,Versoix,VSX
id_8501020,1020,8501020,Chambésy,CHY
id_8508218,8218,8508218,Malters,MAL
id_8508217,8217,8508217,Schachen LU,SCHA
id_8508216,8216,8508216,Werthenstein,WST
id_8508211,8211,8508211,Schüpfheim,SCHH
id_8500303,303,8500303,Mumpf,MPF
id_8505471,5471,8505471,Locarno S. Antonio,LOAN
id_8507290,7290,8507290,Zweisimmen,ZW
id_8505218,5218,8505218,Taverne-Torricella,TAV
id_8508001,8001,8508001,Schönbühl SBB,SCHB
id_8502231,2231,8502231,Zug Oberwil,ZGO
id_8508384,8384,8508384,Niederrickenbach Station,NRRB
id_8503094,3094,8503094,Zürich Leimbach,ZLE
id_8503055,3055,8503055,Uitikon Waldegg,UIWA
id_8509363,9363,8509363,Li Curt,CURT
id_8500184,184,8500184,La Chaux-de-Fonds-Est,CFES
id_8516354,16354,8516354,Wolhusen Weid,WHW
id_8501566,1566,8501566,Le Châtelard VS,CHGI
id_8506394,6394,8506394,Roggwil-Berg,ROBG
id_8506377,6377,8506377,Bühler,BUEH
id_8505589,5589,8505589,Folsogno-Dissimo,FODI
id_8503095,3095,8503095,Sood-Oberleimbach,SOOD
id_8503064,3064,8503064,Scheuren,SCRN
id_8503072,3072,8503072,Neuhaus bei Hinteregg,NHBH
id_8503065,3065,8503065,Forch,FCH
id_8503009,3009,8503009,Zürich Wollishofen,ZWOL
id_8515992,15992,8515992,Baar Neufeld,BAAN
id_8502206,2206,8502206,Baar,BAA
id_8509061,9061,8509061,Furna,FURN
id_8501563,1563,8501563,Les Marécottes,MARE
id_8530334,30334,8530334,La Médettaz,MED
id_8508304,8304,8508304,Ebligen,EBLI
id_8501168,1168,8501168,Vernand-Camarès,VECA
id_8501492,1492,8501492,Gryon,GRYO
id_8506197,6197,8506197,Kreuzlingen Bernrain,KRB
id_8501465,1465,8501465,Val-d'Illiez,VALI
id_8501454,1454,8501454,Fayot,FAYO
id_8502111,2111,8502111,Däniken SO,DK
id_8508207,8207,8508207,Langnau i.E.,LN
id_8501578,1578,8501578,Orsières,ORS
id_8501472,1472,8501472,Exergillod,EX
id_8506124,6124,8506124,Güttingen,GUET
id_8504015,4015,8504015,Vevey-Funi,VVFU
id_8504141,4141,8504141,Henniez,HEN
id_8502247,2247,8502247,Birr,BIRR
id_8504007,4007,8504007,Moreillon,MRL
id_8501577,1577,8501577,La Douay,DOUY
id_8516013,16013,8516013,Cantello-Gaggiolo,GAGO
id_8509179,9179,8509179,Disentis/Mustér,DIS
id_8505178,5178,8505178,Mumpé Tujetsch,MOTU
id_8504135,4135,8504135,Corcelles-Sud,CS
id_8501677,1677,8501677,Bitsch,BITS
id_8501391,1391,8501391,La Tine,TINE
id_8509182,9182,8509182,Domat/Ems Werk,EMSW
id_8501490,1490,8501490,Fontannaz-Seulaz,FONT
id_8506001,6001,8506001,Winterthur Grüze,WGR
id_8508215,8215,8508215,Wolhusen,WH
id_8504298,4298,8504298,Ste-Croix,STCR
id_8506291,6291,8506291,Schachen (Herisau),SCH
id_8501176,1176,8501176,Fey,FEY
id_8502277,2277,8502277,Rudolfstetten,RUD
id_8500329,329,8500329,Koblenz,KB
id_8501634,1634,8501634,Muttbach-Belvédère,
id_8504217,4217,8504217,Champ-du-Moulin,CDM
id_8509177,9177,8509177,Rabius-Surrein,RASU
id_8501286,1286,8501286,Ondallaz-L'Alliaz,OND
id_8504289,4289,8504289,St-Sulpice NE,SSP
id_8501042,1042,8501042,Etoy,ETOY
id_8506392,6392,8506392,St. Gallen Haggen,SGHA
id_8506361,6361,8506361,St. Gallen Notkersegg,NOGG
id_8506173,6173,8506173,Weberei Matzingen,WEBM
id_8509152,9152,8509152,Lüen-Castiel,LUCA
id_8509352,9352,8509352,Surovas,SURO
id_8504014,4014,8504014,Palézieux,PAL
id_8505305,5305,8505305,Mendrisio,MEN
id_8530710,30710,8530710,Neuchâtel Serrières Ruau,NSRL
id_8503426,3426,8503426,Langwiesen,LAN
id_8509251,9251,8509251,Samedan,SAME
id_8509261,9261,8509261,Carolina,CARO
id_8500164,164,8500164,Tramelan-Chalet,TRCH
id_8509095,9095,8509095,Klosters Selfranga,SELF
id_8500177,177,8500177,Les Bois,BOIS
id_8507292,7292,8507292,Boltigen,BOLT
id_8504490,4490,8504490,Zihlbrücke,ZBR
id_8516154,16154,8516154,Bern Brünnen Westside,BNB
id_8504185,4185,8504185,Cressier FR,CRFR
id_8507271,7271,8507271,Schönried,SCR
id_8508056,8056,8508056,Moosseedorf,MOSE
id_8506118,6118,8506118,Triboltingen,TRIB
id_8503120,3120,8503120,Jona,JO
id_8506014,6014,8506014,Elgg,EL
id_8507076,7076,8507076,Belp,BP
id_8503239,3239,8503239,Linthal,LIN
id_8501092,1092,8501092,Bussy-Chardonney,BUSM
id_8508061,8061,8508061,Fraubrunnen,FBR
id_8509171,9171,8509171,Ilanz,ILZ
id_8507073,7073,8507073,Thurnen,THU
id_8505205,5205,8505205,Lavorgo,LAV
id_8504237,4237,8504237,Les Hauts-Geneveys,HGV
id_8516764,16764,8516764,Riehen,RIEB
id_1201923,1923,1201923,"Ludesch, MZO Oberland",
id_8503293,3293,8503293,Grüenfeld,GRF
id_8506398,6398,8506398,Neukirch-Egnach,NK
id_8502276,2276,8502276,Berikon-Widen,BEWI
id_8506292,6292,8506292,Degersheim,DG
id_8502176,2176,8502176,Reinach AG Mitte,REMI
id_8502160,2160,8502160,Gränichen,GRAE
id_8501950,1950,8501950,Preglia,PRE
id_8506027,6027,8506027,Ramsen,RA
id_8500090,90,8500090,Basel Bad Bf,BAD
id_8503289,3289,8503289,Freienbach SOB,FRBS
id_8500088,88,8500088,Oberdorf BL Winkelweg,ODBW
id_8518826,18826,8518826,Lauchringen,
id_8500086,86,8500086,Oberdorf BL,ODBL
id_8518804,18804,8518804,Hegne,
id_8518805,18805,8518805,Konstanz-Wollmatingen,
id_8518829,18829,8518829,Laufenburg (Baden) Ost,
id_8518799,18799,8518799,Freiburg (Breisgau) Hbf,
id_8505588,5588,8505588,Creggio,CREG
id_8518798,18798,8518798,Bad Krozingen,
id_8505593,5593,8505593,Masera,MASR
id_8505578,5578,8505578,Zornasco,ZORN
id_8505596,5596,8505596,Ribellasca,RIBA
id_8518847,18847,8518847,Rottweil,
id_8500159,159,8500159,Grenchen Nord,GN
id_8504226,4226,8504226,La Neuveville,NV
id_8504227,4227,8504227,Ligerz,LIG
id_8507362,7362,8507362,Eigerwand,EIGE
id_8504470,4470,8504470,Ipsach Herdi,IPHE
id_8504471,4471,8504471,Ipsach,IP
id_8507296,7296,8507296,Erlenbach im Simmental,EBIS
id_8518400,18400,8518400,Ei im Emmental,EIIE
id_8507481,7481,8507481,Mülenen,MUE
id_8505396,5396,8505396,Magliaso,MAGL
id_8508276,8276,8508276,Häusernmoos,HAMO
id_8504060,4060,8504060,Bossonnens,BENS
id_8500287,287,8500287,Wiedlisbach,WIED
id_8506288,6288,8506288,Weissbad,WEIS
id_8504073,4073,8504073,Neirivue,NEIR
id_8506010,6010,8506010,Sirnach,SIR
id_8509262,9262,8509262,Zernez,ZEZ
id_8504315,4315,8504315,Le Crêt-du-Locle,CRET
id_8506101,6101,8506101,Felben-Wellhausen,FEL
id_8504075,4075,8504075,Enney,ENN
id_8501602,1602,8501602,Turtmann,TUR
id_8517377,17377,8517377,Bibenlos-Sonnenhof,BGBI
id_8504414,4414,8504414,Lyss,LY
id_8504074,4074,8504074,Villars-sous-Mont,GRVI
id_8506195,6195,8506195,Siegershausen,SHAU
id_8504139,4139,8504139,Belfaux CFF,BF
id_8501123,1123,8501123,Villette VD,VTE
id_8505498,5498,8505498,Borgnone-Cadanza,BORC
id_8501088,1088,8501088,Tuilerie,TUIE
id_8500263,263,8500263,Im Holz,IMHO
id_8503238,3238,8503238,Rüti GL,RUET
id_8516350,16350,8516350,Buchrain,BURN
id_8509056,9056,8509056,Landquart Ried,LQRI
id_8502003,2003,8502003,Reiden,REID
id_8504188,4188,8504188,Sugiez,SUGI
id_8501667,1667,8501667,Gluringen,GLUR
id_8503112,3112,8503112,Kempraten,KPT
id_8501375,1375,8501375,Chernex,CHER
id_8503305,3305,8503305,Effretikon,EF
id_8501287,1287,8501287,Lally,LAL
id_8501288,1288,8501288,Les Pléiades,PLEI
id_8507560,7560,8507560,Winteregg,WEGG
id_8530303,30303,8530303,Les Fumeaux,FUM
id_8506190,6190,8506190,Bussnang,BNG
id_8507006,7006,8507006,Münsingen,MS
id_8501266,1266,8501266,Château-de-Blonay,CHBL
id_8501172,1172,8501172,Assens,ASNS
id_8509194,9194,8509194,Alvaneu,ALV
id_8503240,3240,8503240,Linthal Braunwaldbahn,LINB
id_8501609,1609,8501609,Brig,BR
id_8506105,6105,8506105,Weinfelden,WF
id_8505580,5580,8505580,Re,RESS
id_8504218,4218,8504218,Bôle,BOLE
id_8508063,8063,8508063,Schalunen,SCN
id_8506103,6103,8506103,Müllheim-Wigoltingen,MUEL
id_8504124,4124,8504124,Dompierre FR,DOP
id_8504128,4128,8504128,Murten/Morat,MRT
id_8506102,6102,8506102,Hüttlingen-Mettendorf,HM
id_8506387,6387,8506387,Kreuzstrasse,KREU
id_8506384,6384,8506384,Schachen (Gais),SCEA
id_8506382,6382,8506382,Zweibrücken,ZWBR
id_8503529,3529,8503529,Würenlos,WUER
id_8503511,3511,8503511,Neuenhof,NHOF
id_8506367,6367,8506367,Bendlehn,BEND
id_8506366,6366,8506366,Speicher,SPEI
id_8506365,6365,8506365,Schützengarten,SGAR
id_8500136,136,8500136,Basel Dreispitz,BSDH
id_8500119,119,8500119,Münchenstein,MST
id_8500113,113,8500113,Laufen,LFN
id_8516174,16174,8516174,Genève-Stade,GEST
id_8515996,15996,8515996,Hünenberg Zythus,HUZY
id_8506353,6353,8506353,Wienacht-Tobel,WITO
id_8506322,6322,8506322,Rorschach Stadt,RSST
id_8506319,6319,8506319,Altstätten SG,ALT
id_8506316,6316,8506316,Au SG,AUSG
id_8506307,6307,8506307,Horn,HN
id_8503401,3401,8503401,Glattfelden,GF
id_8503308,3308,8503308,Kloten,KL
id_8503300,3300,8503300,Kempten,KN
id_8500028,28,8500028,Tecknau,TK
id_8500027,27,8500027,Gelterkinden,GKD
id_8500020,20,8500020,Muttenz,MU
id_8506284,6284,8506284,Jakobsbad,JAK
id_8506278,6278,8506278,Seebleiche,SEEB
id_8503211,3211,8503211,Altendorf,ALTD
id_8503209,3209,8503209,Pfäffikon SZ,PF
id_8503123,3123,8503123,Wetzikon ZH,WZ
id_8503121,3121,8503121,Rüti ZH,RUE
id_8503119,3119,8503119,Schänis,SCAE
id_8503105,3105,8503105,Uetikon,UET
id_8506042,6042,8506042,Pfungen,PFU
id_8502300,2300,8502300,Zug Postplatz,ZGPP
id_8502214,2214,8502214,Boswil-Bünzen,BOS
id_8504184,4184,8504184,Courtepin,COUR
id_8504286,4286,8504286,Môtiers NE,MOT
id_8506178,6178,8506178,Münchwilen TG,MWIL
id_8506109,6109,8506109,Amriswil,AW
id_8504064,4064,8504064,La Verrerie,VERI
id_8506100,6100,8506100,Frauenfeld,FF
id_8503098,3098,8503098,Sihlwald,SIW
id_8500283,283,8500283,Riedholz,RIHO
id_8505362,5362,8505362,Trübbach,TRUB
id_8503133,3133,8503133,Neuthal,NEU
id_8503132,3132,8503132,Bäretswil,BAEW
id_8503057,3057,8503057,Uetliberg,UEBE
id_8502269,2269,8502269,Erdmannlistein,ERDM
id_8502195,2195,8502195,Muhen,MUH
id_8502166,2166,8502166,Leimbach AG,LEIM
id_8502165,2165,8502165,Zetzwil,ZETZ
id_8502123,2123,8502123,Buchs AG,BUAG
id_8501952,1952,8501952,Iselle di Trasquera,IS
id_1206365,6365,1206365,"Kirchberg/Pielach, Bahnhof",
id_8508271,8271,8508271,Grünenmatt,GRMA
id_8504463,4463,8504463,Täuffelen,TAEU
id_8507293,7293,8507293,Oberwil im Simmental,OIS
id_8507284,7284,8507284,Enge im Simmental,ENGE
id_8500104,104,8500104,Court,CT
id_8507077,7077,8507077,Kehrsatz,KS
id_8504468,4468,8504468,Ins Dorf,INSD
id_8504304,4304,8504304,Sonceboz-Sombeval,SCB
id_8507072,7072,8507072,Burgistein,BWA
id_8504030,4030,8504030,Villars-sur-Glâne,VG
id_8508194,8194,8508194,Huttwil Sportzentrum,HWSZ
id_8530790,30790,8530790,Sorengo Laghetto,SORL
id_8508174,8174,8508174,Gutenburg,GUBU
id_8505207,5207,8505207,Bodio TI,BO
id_8500218,218,8500218,Olten,OL
id_8504403,4403,8504403,Bargen BE,BRG
id_8500207,207,8500207,Solothurn,SO
id_8505402,5402,8505402,Gordola,GDA
id_8508203,8203,8508203,Zäziwil,ZAE
id_8508006,8006,8508006,Wynigen,WY
id_8507493,7493,8507493,Interlaken West,IW
id_8507003,7003,8507003,Gümligen,GUE
id_8507492,7492,8507492,Interlaken Ost,IO
id_8505111,5111,8505111,Sisikon,SK
id_8507279,7279,8507279,Lenk im Simmental,LENK
id_8500101,101,8500101,Reconvilier,REC
id_8504088,4088,8504088,Broc-Village,BROV
id_8501689,1689,8501689,Zermatt,ZERM
id_8504487,4487,8504487,Rosshäusern,ROSS
id_8500221,221,8500221,Büren an der Aare,BUER
id_8505219,5219,8505219,Lamone-Cadempino,LAM
id_8503314,3314,8503314,Niederhasli,NIE
id_8516272,16272,8516272,Genève-Champel,CHHO
id_8507471,7471,8507471,Eggerberg,EB
id_8516353,16353,8516353,Baldegg Kloster,BLGK
id_8502102,2102,8502102,Oberentfelden,OEF
id_8501568,1568,8501568,Le Châtelard-Frontière,CHFR
id_8503062,3062,8503062,Egg,EGG
id_8503075,3075,8503075,Waltikon,WLTK
id_8504309,4309,8504309,Villeret,VT
id_8508173,8173,8508173,Roggwil Schmitten,ROSC
id_8530614,30614,8530614,Furka DFB,
id_8501447,1447,8501447,Roches Grises,RCHG
id_8501055,1055,8501055,Les Pralies,PRAL
id_8501170,1170,8501170,Bel-Air LEB,BEAI
id_8501474,1474,8501474,Le Sépey,SEP
id_8507287,7287,8507287,Burgholz,BH
id_8502110,2110,8502110,Dulliken,DU
id_8501163,1163,8501163,Prilly-Chasseur,PRCH
id_8501165,1165,8501165,Jouxtens-Mézery,JOUM
id_8501480,1480,8501480,Rennaz (Leysin),REAZ
id_8506127,6127,8506127,Bottighofen,BOT
id_8509256,9256,8509256,La Punt Chamues-ch,LAPU
id_8506125,6125,8506125,Altnau,ALN
id_8501493,1493,8501493,Gryon Barboleuse,BARB
id_8501120,1120,8501120,Lausanne,LS
id_8501729,1729,8501729,Fiesch Feriendorf,FIED
id_8506135,6135,8506135,Berlingen,BER
id_8530067,30067,8530067,Les Salines,LSAL
id_8506008,6008,8506008,Wila,WILA
id_8506046,6046,8506046,Henggart,HGT
id_8502025,2025,8502025,Baldegg,BLG
id_8500082,82,8500082,Bubendorf,BUDO
id_8502216,2216,8502216,Benzenschwil,BNZ
id_8587596,87596,8587596,Chantemerle-près-Blonay,CHAN
id_8505114,5114,8505114,Erstfeld,ER
id_8508066,8066,8508066,Lohn-Lüterkofen,LOLU
id_8504485,4485,8504485,Ferenbalm-Gurbrü,FEG
id_8507281,7281,8507281,Grubenwald,GRU
id_8504400,4400,8504400,Kerzers,KZ
id_8508071,8071,8508071,Schönbühl Shoppyland,SCSH
id_8506204,6204,8506204,Lütisburg,LUET
id_8501057,1057,8501057,La Chèvrerie-Monterêt,CHMO
id_8507084,7084,8507084,Moos,MOOS
id_8507070,7070,8507070,Uetendorf,UE
id_8509364,9364,8509364,Le Prese,PRES
id_8508267,8267,8508267,Ramsei,RAM
id_8509411,9411,8509411,Sargans,SA
id_8509401,9401,8509401,Rüthi SG,RTH
id_8502024,2024,8502024,Hochdorf,HO
id_8517485,17485,8517485,Sur-le-Buis,SLB
id_8516176,16176,8516176,Klingnau,KLI
id_8509413,9413,8509413,Flums,FMS
id_8501475,1475,8501475,Les Echenards,ECHE
id_8501481,1481,8501481,Leysin-Village,LEYV
id_8501482,1482,8501482,Leysin-Feydey,LEY
id_8501117,1117,8501117,Bussigny,BY
id_8504201,4201,8504201,Grandson,GRS
id_8504203,4203,8504203,Concise,CC
id_8501068,1068,8501068,Trélex,TREL
id_8519306,19306,8519306,St. Gallen Güterbahnhof,GBSG
id_8506006,6006,8506006,Rämismühle-Zell,RMZ
id_8501114,1114,8501114,Eclépens,ECL
id_8504321,4321,8504321,La Chaux-de-Fonds Les Forges,CFO
id_8500178,178,8500178,La Ferrière,FER
id_8507274,7274,8507274,Blankenburg,BLB
id_8501096,1096,8501096,Bière,BIER
id_8509181,9181,8509181,Domat/Ems,DE
id_8501686,1686,8501686,Herbriggen,HEBR
id_8501452,1452,8501452,St-Triphon-Gare,STGR
id_8501199,1199,8501199,La Roulaz,ROUL
id_8518885,18885,8518885,Täsch Monte Rosa,MROS
id_8501110,1110,8501110,Ependes VD,EP
id_8506131,6131,8506131,Kreuzlingen,KR
id_8503414,3414,8503414,Mellikon,MELN
id_8506374,6374,8506374,Sternen bei Teufen,STTF
id_8500080,80,8500080,Talhaus,TALH
id_8500081,81,8500081,Liestal Gräubern,AKT
id_8501090,1090,8501090,Prélionne,PRL
id_8502224,2224,8502224,Affoltern am Albis,AF
id_8503006,3006,8503006,Zürich Oerlikon,ZOER
id_8502229,2229,8502229,Urdorf Weihermatt,URDW
id_8503100,3100,8503100,Zollikon,ZK
id_8503061,3061,8503061,Langwies ZH,LIES
id_8503077,3077,8503077,Spital Zollikerberg,SPIT
id_8504382,4382,8504382,Le Reymond,REYM
id_8506022,6022,8506022,Thalheim-Altikon,TLH
id_8508323,8323,8508323,Sarnen Nord,SRND
id_8503281,3281,8503281,Sattel-Aegeri,SAT
id_8503091,3091,8503091,Zürich Giesshübel,ZGH
id_8501504,1504,8501504,Chamoson-St-Pierre-de-Clages,CHA
id_8503096,3096,8503096,Adliswil,ADW
id_8502187,2187,8502187,Rudolfstetten Hofacker,RUHO
id_8503311,3311,8503311,Rümlang,RUEM
id_8503107,3107,8503107,Stäfa,STAE
id_8530378,30378,8530378,Les Neys,NEYS
id_8503102,3102,8503102,Erlenbach ZH,ERLB
id_8506023,6023,8506023,Ossingen,OSS
id_8503317,3317,8503317,Schöfflisdorf-Oberweningen,SCHO
id_8506354,6354,8506354,Schwendi bei Heiden,SWD
id_8501126,1126,8501126,Rivaz,RIV
id_8508293,8293,8508293,Zell LU,ZELL
id_8503126,3126,8503126,Nänikon-Greifensee,NAEN
id_8501113,1113,8501113,Bavois,BAV
id_8506358,6358,8506358,St. Gallen Spisertor,SPIS
id_8501507,1507,8501507,St-Léonard,SL
id_8501030,1030,8501030,Nyon,NY
id_8593776,93776,8593776,Plan Morier,PLMO
id_8506174,6174,8506174,Matzingen,MATZ
id_8509254,9254,8509254,Punt Muragl,PTM
id_8502030,2030,8502030,Seon,SE
id_8502114,2114,8502114,Rupperswil,RU
id_8509250,9250,8509250,Bever,BEV
id_8500209,209,8500209,Deitingen,DN
id_8500118,118,8500118,Dornach-Arlesheim,DOR
id_8500083,83,8500083,Lampenberg-Ramlinsburg,LGRG
id_8509184,9184,8509184,Bonaduz,BONA
id_8509358,9358,8509358,Cavaglia,CAVA
id_8509185,9185,8509185,Rhäzüns,RHAE
id_8504061,4061,8504061,Remaufens,REMA
id_8507082,7082,8507082,Bern  Europaplatz,BNAH
id_8508057,8057,8508057,Schönbühl RBS,SCBS
id_8510456,10456,8510456,Schmitten GR Landwasserviadukt,SCGR
id_8501664,1664,8501664,Geschinen,GES
id_8509418,9418,8509418,Mühlehorn,MH
id_8508157,8157,8508157,Holzhäusern,HZH
id_8501669,1669,8501669,Blitzingen,BLIZ
id_8504317,4317,8504317,Le Locle-Col-des-Roches,COL
id_8509077,9077,8509077,Davos Monstein,DAM
id_8506217,6217,8506217,Sulgen,SLG
id_8502185,2185,8502185,Bremgarten Isenlauf,BGIS
id_8509264,9264,8509264,Lavin,LAVI
id_8501381,1381,8501381,Vuarennes,VUAR
id_8530800,30800,8530800,Innertkirchen Unterwasser,INUN
id_8501283,1283,8501283,Tusinge,TUS
id_8504024,4024,8504024,Villaz-St-Pierre,VZ
id_8501263,1263,8501263,Château-d'Hauteville,CHTV
id_8501501,1501,8501501,Charrat-Fully,CHAR
id_8501670,1670,8501670,Niederwald,NWAL
id_8502212,2212,8502212,Dottikon-Dintikon,DOT
id_8506134,6134,8506134,Mannenbach-Salenstein,MANN
id_8504011,4011,8504011,Grandvaux,GRV
id_8503227,3227,8503227,Näfels-Mollis,NAEF
id_8502116,2116,8502116,Schinznach Bad,SBAD
id_8509192,9192,8509192,Tiefencastel,TICA
id_8504511,4511,8504511,Boudry Littorail,BLIT
id_8506400,6400,8506400,Sandbüchel,SB
id_8516274,16274,8516274,Chêne-Bourg,CHEB
id_8516271,16271,8516271,Steinach,STCH
id_8506364,6364,8506364,Vögelinsegg,VOEG
id_8503503,3503,8503503,Turgi,TG
id_8503502,3502,8503502,Siggenthal-Würenlingen,SIG
id_8503501,3501,8503501,Döttingen,DOE
id_8500125,125,8500125,Courgenay,CG
id_8500120,120,8500120,Courtételle,CTT
id_8500116,116,8500116,Duggingen,DUG
id_8500114,114,8500114,Zwingen,ZWG
id_8516155,16155,8516155,Lancy-Pont-Rouge,LAPR
id_8506352,6352,8506352,Wartensee,WARS
id_8506350,6350,8506350,Walzenhausen,WALZ
id_8506318,6318,8506318,Rebstein-Marbach,REB
id_8506311,6311,8506311,Rorschach,RS
id_8503340,3340,8503340,Opfikon,OP
id_8503319,3319,8503319,Niederweningen,NW
id_8500038,38,8500038,Basel St. Jakob,BSJA
id_8500033,33,8500033,Rümlingen,RLG
id_8500031,31,8500031,Diepflingen,DIE
id_8500026,26,8500026,Sissach,SIS
id_8500021,21,8500021,Pratteln,PR
id_8503220,3220,8503220,Lachen SZ,LA
id_8503210,3210,8503210,Freienbach SBB,FRB
id_8503200,3200,8503200,Kilchberg ZH,KIL
id_8500010,10,8500010,Basel SBB,BS
id_8506208,6208,8506208,Uzwil,UZW
id_8506205,6205,8506205,Bazenheid,BAZ
id_8503127,3127,8503127,Schwerzenbach ZH,SCWE
id_8503103,3103,8503103,Herrliberg-Feldmeilen,HERL
id_8506123,6123,8506123,Kesswil,KWL
id_8506049,6049,8506049,Dachsen,DA
id_8502306,2306,8502306,Hünenberg Chämleten,HUCH
id_8502225,2225,8502225,Mettmenstetten,MTM
id_8509067,9067,8509067,Klosters Dorf,KLOD
id_8509059,9059,8509059,Grüsch,GRUS
id_8504509,4509,8504509,Neuchâtel Port-de-Serrières,NEPS
id_8505398,5398,8505398,Ponte Tresa,POTR
id_8508219,8219,8508219,Littau,LIT
id_8504229,4229,8504229,Tüscherz,TUE
id_8501385,1385,8501385,Sendy-Sollard,SDY
id_8503233,3233,8503233,Schwanden GL,SCHD
id_8504183,4183,8504183,Pensier,PEN
id_8504385,4385,8504385,La Sagne,SAGN
id_8504384,4384,8504384,La Sagne-Eglise,SAEG
id_8502183,2183,8502183,Oberkulm Post,OKUP
id_8502179,2179,8502179,Mittelmuhen,MMUH
id_8501673,1673,8501673,Lax,LAX
id_8502163,2163,8502163,Oberkulm,OKU
id_8502271,2271,8502271,Wohlen Oberdorf,WOOB
id_8506119,6119,8506119,Kurzrickenbach Seepark,KURZ
id_8503411,3411,8503411,Koblenz Dorf,KBD
id_8506003,6003,8506003,Sennhof-Kyburg,SKY
id_8502043,2043,8502043,Seon Nord,SENO
id_8501400,1400,8501400,Aigle,AIG
id_8501062,1062,8501062,St-Cergue,STCE
id_8501065,1065,8501065,Le Muids,MUI
id_8506044,6044,8506044,Winterthur Töss,WTOE
id_8500187,187,8500187,Vendlincourt,VEND
id_8500192,192,8500192,Le Bémont JU,BEM
id_8507079,7079,8507079,Bern Weissenbühl,BNWE
id_8507272,7272,8507272,Saanenmöser,SAMO
id_8501399,1399,8501399,Gstaad,GST
id_8501672,1672,8501672,Fiesch,FIE
id_8502223,2223,8502223,Hedingen,HED
id_8501688,1688,8501688,Täsch,TAES
id_8501169,1169,8501169,Cheseaux,CHES
id_8501725,1725,8501725,Versmont,VEMO
id_8593772,93772,8593772,Gryon-Chalméry,GRCH
id_8501152,1152,8501152,Le Séchey,SEC
id_8501304,1304,8501304,Roche VD,ROC
id_8501202,1202,8501202,Burier,BURI
id_8502177,2177,8502177,Schöftland Nordweg,SCNW
id_8501103,1103,8501103,Vallorbe,VAL
id_8506270,6270,8506270,St. Gallen Marktplatz,SGMP
id_8501053,1053,8501053,La Vuarpillière,VUAP
id_8501063,1063,8501063,Arzier,ARZ
id_8501461,1461,8501461,Ollon VD,OLLO
id_8506303,6303,8506303,St. Gallen St. Fiden,SGF
id_8501554,1554,8501554,Aigle-Place-du-Marché,AIGM
id_8508103,8103,8508103,Rothrist,RTR
id_8503008,3008,8503008,Zürich Affoltern,ZAF
id_8503128,3128,8503128,Dübendorf,DUE
id_8503063,3063,8503063,Hinteregg,HINT
id_8503066,3066,8503066,Zumikon,ZUM
id_8503068,3068,8503068,Maiacher,MAIF
id_8503004,3004,8503004,Zürich Tiefenbrunnen,ZTB
id_8503053,3053,8503053,Zürich Schweighof,SHF
id_8503003,3003,8503003,Zürich Stadelhofen,ZSTH
id_8500035,35,8500035,Läufelfingen,LF
id_8502121,2121,8502121,Walterswil-Striegel,WAST
id_8506395,6395,8506395,Häggenschwil-Winden,HAEW
id_8503528,3528,8503528,Otelfingen,OF
id_8503306,3306,8503306,Dietlikon,DTL
id_8503307,3307,8503307,Bassersdorf,BSD
id_8500117,117,8500117,Aesch BL,AE
id_8501565,1565,8501565,Finhaut,FIN
id_8503109,3109,8503109,Feldbach,FB
id_8503202,3202,8503202,Thalwil,TW
id_8503124,3124,8503124,Aathal,AAT
id_8502005,2005,8502005,Nebikon,NEB
id_8501576,1576,8501576,Sembrancher,SEMB
id_8505177,5177,8505177,Bugnei,BUGN
id_8501397,1397,8501397,Rougemont,ROU
id_8501099,1099,8501099,L'Isle,ISLE
id_8593773,93773,8593773,Les Bovets,LEBO
id_8501469,1469,8501469,Les Fontanelles,FLLE
id_8501488,1488,8501488,Bévieux,BEVI
id_8507298,7298,8507298,Wimmis,WM
id_8500084,84,8500084,Hölstein,HOE
id_8509357,9357,8509357,Alp Grüm,ALGR
id_8504488,4488,8504488,Riedbach,RCH
id_8507067,7067,8507067,Deisswil,DEI
id_8518808,18808,8518808,Reichenau (Baden),
id_8500175,175,8500175,Le Creux-des-Biches,CREB
id_8500199,199,8500199,Combe-Tabeillon,COTA
id_8506169,6169,8506169,Wiesengrund,WIGR
id_8504131,4131,8504131,Cheyres,CHS
id_8504398,4398,8504398,Neuchâtel Place Pury Littorail,NPLI
id_8506215,6215,8506215,Bischofszell Nord,BZN
id_8503504,3504,8503504,Baden,BD
id_8507095,7095,8507095,Schwarzwasserbrücke,SBR
id_8506212,6212,8506212,Hauptwil,HPT
id_8504205,4205,8504205,Gorgier-St-Aubin,GOR
id_8506185,6185,8506185,Oppikon,OPP
id_8506193,6193,8506193,Kehlhof,KHF
id_8515296,15296,8515296,Brig Bahnhofplatz,BRMG
id_8504182,4182,8504182,Belfaux-Village,BFV
id_8501573,1573,8501573,Martigny-Croix,MACR
id_8502004,2004,8502004,Dagmersellen,DAG
id_8501561,1561,8501561,Vernayaz MC,VEMC
id_8504301,4301,8504301,Frinvillier-Taubenloch,FRIN
id_8504126,4126,8504126,Avenches,AV
id_8504232,4232,8504232,Corcelles-Peseux,CP
id_8508295,8295,8508295,Willisau,WSAU
id_8509155,9155,8509155,Langwies GR,LAWI
id_8501264,1264,8501264,St-Légier-Village,STLV
id_8500102,102,8500102,Malleray-Bévilard,MB
id_8518690,18690,8518690,Niederbipp Industrie,NIIN
id_8509002,9002,8509002,Landquart,LQ
id_8502200,2200,8502200,Ebikon,EBI
id_8501300,1300,8501300,Montreux,MX
id_8500191,191,8500191,Saignelégier,SAIG
id_8506299,6299,8506299,Nesslau-Neu St. Johann,NL
id_8506035,6035,8506035,Schottikon,SCHK
id_8506020,6020,8506020,Seuzach,SEU
id_8506007,6007,8506007,Turbenthal,TU
id_8502122,2122,8502122,Kölliken Oberdorf,KKO
id_8502101,2101,8502101,Kölliken,KK
id_8502034,2034,8502034,Beinwil am See,BW
id_8505007,5007,8505007,Brunnen,BRU
id_8504480,4480,8504480,St-Blaise-Lac,SBLB
id_8509406,9406,8509406,Sevelen,SEV
id_8504222,4222,8504222,St-Blaise CFF,SBL
id_8508212,8212,8508212,Hasle LU,HAS
id_8501002,1002,8501002,Russin,RUS
id_8501000,1000,8501000,Zimeysa,ZIM
id_8595245,95245,8595245,Areuse Littorail,ALIT
id_8503099,3099,8503099,Sihlau,SIA
id_8501459,1459,8501459,St-Triphon-Village,STVI
id_8588193,88193,8588193,Gryon Bois-Gentil,GRBG
id_8501260,1260,8501260,Gilamont,GIL
id_8530430,30430,8530430,Route de Morgins,RTEM
id_8504294,4294,8504294,Vuiteboeuf,VUIB
id_8502031,2031,8502031,Hallwil,HD
id_8507094,7094,8507094,Uetendorf Allmend,UEA
id_8504483,4483,8504483,Ins,INS
id_8501098,1098,8501098,Montricher,MORI
id_8504130,4130,8504130,Yvonand,YND
id_8502162,2162,8502162,Unterkulm,UKU
id_8517484,17484,8517484,Aigle-Parc Aventure,AGHO
id_8500305,305,8500305,Frick,FCK
id_8502199,2199,8502199,Schöftland,SCHF
id_8506359,6359,8506359,St. Gallen Schülerhaus,SHS
id_8506372,6372,8506372,Lustmühle,LUMU
id_8506128,6128,8506128,Kreuzlingen Hafen,KRH
id_8501081,1081,8501081,Chigny,CHGN
id_8501303,1303,8501303,Villeneuve VD,VIL
id_8504291,4291,8504291,La Brinaz,BRIN
id_8508314,8314,8508314,Sarnen,SAR
id_8530262,30262,8530262,St-Eloi,STEL
id_8501476,1476,8501476,Les Aviolats,AVIO
id_8501153,1153,8501153,Le Lieu,LIEU
id_8503106,3106,8503106,Männedorf,MAEN
id_8503078,3078,8503078,Waldburg,WALG
id_8503090,3090,8503090,Zürich Selnau,ZSEL
id_8503088,3088,8503088,Zürich HB SZU,ZUSZ
id_8506393,6393,8506393,Wittenbach,WIT
id_8503111,3111,8503111,Winkel am Zürichsee,WIN
id_8502209,2209,8502209,Oberrieden Dorf,ORDD
id_8500179,179,8500179,La Cibourg,CIB
id_8503010,3010,8503010,Zürich Enge,ZEN
id_8503147,3147,8503147,Stettbach,STET
id_8503302,3302,8503302,Fehraltorf,FET
id_8503294,3294,8503294,Riedmatt SZ,RDM
id_8593467,93467,8593467,Pont de Fayot,POFA
id_8503139,3139,8503139,Tann-Dürnten,TD
id_8502270,2270,8502270,Bergfrieden,BEFR
id_8503316,3316,8503316,Steinmaur,STMR
id_8509257,9257,8509257,Madulain,MADU
id_8501127,1127,8501127,St-Saphorin,STSA
id_8504123,4123,8504123,Corcelles-Nord,CN
id_8501037,1037,8501037,Morges,MOR
id_8501156,1156,8501156,Le Solliat-La Golisse,SGO
id_8501510,1510,8501510,Châteauneuf-Conthey,CHF
id_8509367,9367,8509367,Campascio,CAIO
id_8509259,9259,8509259,S-chanf,SCAN
id_8519370,19370,8519370,Bernina Diavolezza,BEDI
id_8502476,2476,8502476,Vevey Vignerons,VVVI
id_8501388,1388,8501388,Les Combes,COMS
id_8501684,1684,8501684,Kalpetran,KALP
id_8593775,93775,8593775,Les Nicolets,LENI
id_8593774,93774,8593774,La Faverge,LAFA
id_8505180,5180,8505180,Acla da Fontauna,ACLA
id_8530246,30246,8530246,Foyer Dents-du-Midi,FYDM
id_8501674,1674,8501674,Grengiols,GREN
id_8504012,4012,8504012,Puidoux,PUI
id_8508297,8297,8508297,Menznau,MAU
id_8500213,213,8500213,Oberbuchsiten,OB
id_8500214,214,8500214,Egerkingen,EG
id_8508004,8004,8508004,Lyssach,LYS
id_8502211,2211,8502211,Hendschiken,HDK
id_8507091,7091,8507091,Liebefeld,LBF
id_8507065,7065,8507065,Boll-Utzigen,BOUT
id_8504404,4404,8504404,Aarberg,ABE
id_8510616,10616,8510616,"Liestal, Gräubern",
id_8501104,1104,8501104,Le Day,DAY
id_8516161,16161,8516161,Bern Wankdorf,BNWD
id_8518844,18844,8518844,Böblingen,
id_8501457,1457,8501457,Monthey-Hôpital,MTHH
id_8501453,1453,8501453,La Cour,COU
id_8530463,30463,8530463,En Charnet,CHAY
id_8501174,1174,8501174,Sur Roche,SROC
id_8504383,4383,8504383,La Corbatière,COBA
id_8518855,18855,8518855,Hornberg (Schwarzw),
id_8509058,9058,8509058,Seewis-Pardisla,SEEV
id_8503465,3465,8503465,Neunkirch,NEUK
id_8501726,1726,8501726,Corbier,COR
id_8503122,3122,8503122,Bubikon,BUB
id_8503405,3405,8503405,Zweidlen,ZWD
id_8516450,16450,8516450,Unterkulm Nord,UKUN
id_8502007,2007,8502007,Sursee,SS
id_8504003,4003,8504003,Bossière,BOSS
id_8501036,1036,8501036,St-Prex,STP
id_8502164,2164,8502164,Gontenschwil,GON
id_8501047,1047,8501047,Morges-St-Jean,STJ
id_8501015,1015,8501015,Tannay,TAN
id_8505173,5173,8505173,Tschamut-Selva,TSSE
id_8518100,18100,8518100,St. Gallen Birnbäumen,SGBI
id_8506373,6373,8506373,Niederteufen,NTEU
id_8502182,2182,8502182,Unterentfelden Oberdorf,UNOB
id_8506004,6004,8506004,Kollbrunn,KOL
id_8506002,6002,8506002,Winterthur Seen,WSEE
id_8506045,6045,8506045,Hettlingen,HET
id_8503404,3404,8503404,Rafz,RZ
id_8500304,304,8500304,Eiken,EI
id_8503007,3007,8503007,Zürich Seebach,ZSEB
id_8504295,4295,8504295,Baulmes,BAU
id_8506470,6470,8506470,Teufen AR Stofel,STFE
id_8509060,9060,8509060,Schiers,SCRS
id_8589198,89198,8589198,Worbboden,WOBO
id_8501013,1013,8501013,Pont-Céard,PTC
id_8503467,3467,8503467,Trasadingen,TRHA
id_8508187,8187,8508187,Huttwil,HWIL
id_8506521,6521,8506521,Oberei bei Wasen i.E.,OBEI
id_8594258,94258,8594258,Langenthal Industrie Nord,LTIN
id_8505494,5494,8505494,Intragna,INTR
id_8500173,173,8500173,Les Breuleux,BREU
id_8504510,4510,8504510,Auvernier Littorail,AVLI
id_8506297,6297,8506297,Ebnat-Kappel,EK
id_8508251,8251,8508251,Steffisburg,STEF
id_8502237,2237,8502237,Lupfig,LUPF
id_8509169,9169,8509169,Valendas-Sagogn,VASA
id_8506019,6019,8506019,Islikon,ISL
id_8500170,170,8500170,Tramelan,TRAM
id_8500195,195,8500195,La Combe,COMB
id_8500167,167,8500167,Les Breuleux-Eglise,BREL
id_8508394,8394,8508394,Wolfenschiessen,WOS
id_8508317,8317,8508317,Alpnachstad,AST
id_8508320,8320,8508320,Hergiswil Matt,MATT
id_8503292,3292,8503292,Altmatt,AT
id_8502268,2268,8502268,Zufikon Belvédère,BEVE
id_8503280,3280,8503280,Steinerberg,STBG
id_8518811,18811,8518811,Villingen (Schwarzw),
id_8518807,18807,8518807,Offenburg,
id_8518810,18810,8518810,Triberg,
id_8518832,18832,8518832,Radolfzell,
id_8518838,18838,8518838,Überlingen,
id_8518841,18841,8518841,Lörrach,
id_8518814,18814,8518814,Albbruck,
id_8518821,18821,8518821,Dogern,
id_8500085,85,8500085,Niederdorf,NDF
id_8505581,5581,8505581,S. Maria Maggiore,SMSS
id_8505590,5590,8505590,Gagnone-Orcesco,GAOR
id_8506029,6029,8506029,Singen (Hohentwiel),SI
id_8518836,18836,8518836,Tiengen (Hochrhein),
id_8508308,8308,8508308,Meiringen,MR
id_8500205,205,8500205,Bellach,BELL
id_8505119,5119,8505119,Göschenen,GOE
id_8500204,204,8500204,Selzach,SEL
id_8500289,289,8500289,Buchli,BULI
id_8500266,266,8500266,Corcelles BE,CORC
id_8507295,7295,8507295,Därstetten,DR
id_8500293,293,8500293,Thalbrücke,THBU
id_8507277,7277,8507277,Matten i.S.,MATE
id_8507278,7278,8507278,Boden,BODE
id_8502112,2112,8502112,Schönenwerd SO,SCOE
id_8500208,208,8500208,Luterbach-Attisholz,LUT
id_8508168,8168,8508168,Roggwil Buchägerten,ROBU
id_8505400,5400,8505400,Locarno,LO
id_8508273,8273,8508273,Wasen i.E.,WAIE
id_8508085,8085,8508085,Aefligen,AEF
id_8504062,4062,8504062,Châtel-St-Denis,CHSD
id_8508265,8265,8508265,Hasle-Rüegsau,HA
id_8504026,4026,8504026,Cottens FR,COT
id_8500215,215,8500215,Hägendorf,HAE
id_8505172,5172,8505172,Oberalppass,OBAL
id_8500272,272,8500272,Solothurn Sternen,SOST
id_8508152,8152,8508152,Hard-Mumenthal,HAMU
id_8507286,7286,8507286,Ringoldingen,RGD
id_8507100,7100,8507100,Thun,TH
id_8500212,212,8500212,Oensingen,OEN
id_8500176,176,8500176,Le Boéchet,BOEC
id_8500162,162,8500162,Tramelan-Dessous,TRDE
id_8503466,3466,8503466,Wilchingen-Hallau,WIHA
id_8509000,9000,8509000,Chur,CH
id_8504204,4204,8504204,Vaumarcus,VAU
id_8509051,9051,8509051,Haldenstein,HALD
id_8506013,6013,8506013,Aadorf,AD
id_8505499,5499,8505499,Camedo,CAME
id_8501203,1203,8501203,Clarens,CL
id_8508060,8060,8508060,Grafenried,GRRI
id_8504023,4023,8504023,Romont FR,ROM
id_8500171,171,8500171,Les Reussilles,REUS
id_8507299,7299,8507299,Lattigen bei Spiez,LAT
id_8507294,7294,8507294,Weissenburg,WG
id_8504467,4467,8504467,Brüttelen,BRUT
id_8505390,5390,8505390,Serocca,SERO
id_8507363,7363,8507363,Eismeer,EISM
id_8504401,4401,8504401,Fräschels,FRAE
id_8505302,5302,8505302,Melide,MDE
id_8507093,7093,8507093,Kehrsatz Nord,KSN
id_8508086,8086,8508086,Utzenstorf,UT
id_8507074,7074,8507074,Kaufdorf,KD
id_8507276,7276,8507276,St. Stephan,STST
id_8508272,8272,8508272,Sumiswald-Grünen,SWG
id_8504104,4104,8504104,Thörishaus Station,THO
id_8507475,7475,8507475,Kandersteg,KA
id_8508200,8200,8508200,Worb SBB,WB
id_8507483,7483,8507483,Spiez,SP
id_8500261,261,8500261,Langendorf,LADO
id_8504441,4441,8504441,Studen BE,STU
id_8505397,5397,8505397,Caslano,CASL
id_8500268,268,8500268,Grandval,GVAL
id_8500265,265,8500265,Gänsbrunnen,GAE
id_8501462,1462,8501462,Collombey-Village,COMU
id_8505473,5473,8505473,Ponte Brolla,POBR
id_8504105,4105,8504105,Niederwangen,NWA
id_8507273,7273,8507273,Oeschseite,OES
id_8507000,7000,8507000,Bern,BN
id_8508058,8058,8508058,Urtenen,URTN
id_8505217,5217,8505217,Mezzovico,MEZ
id_8503527,3527,8503527,Buchs-Dällikon,BUD
id_8501564,1564,8501564,Le Trétien,TRET
id_8516273,16273,8516273,Genève-Eaux-Vives,GEV
id_8506285,6285,8506285,Gonten,GONT
id_8506281,6281,8506281,Waldstatt,WSTA
id_8516283,16283,8516283,Genève-Sécheron,GESE
id_8506211,6211,8506211,Arnegg,ARN
id_8503208,3208,8503208,Bäch SZ,BAE
id_8504310,4310,8504310,St-Imier,STI
id_8508329,8329,8508329,Brienz West,BRZW
id_8501491,1491,8501491,Les Posses,POSS
id_8509255,9255,8509255,Pontresina,PORE
id_8507472,7472,8507472,Ausserberg,AB
id_8501061,1061,8501061,La Givrine,GIVR
id_8501058,1058,8501058,La Joy-Clinique,JOCL
id_8501045,1045,8501045,Denges-Echandens,DEN
id_8501121,1121,8501121,Pully,PU
id_8501483,1483,8501483,Leysin-Grand-Hôtel,LEYG
id_8508080,8080,8508080,Oberburg,OBB
id_8500216,216,8500216,Wangen bei Olten,WBOL
id_8501155,1155,8501155,Le Rocheray,RCY
id_8501105,1105,8501105,Bretonnières,BRT
id_8501485,1485,8501485,Fontanney,FTY
id_8501396,1396,8501396,Flendruz,FLED
id_8530612,30612,8530612,Realp DFB,
id_8501727,1727,8501727,La Clairière,CLAI
id_8501604,1604,8501604,Raron,RAR
id_8506136,6136,8506136,Steckborn,STK
id_8505175,5175,8505175,Rueras,RUER
id_8509351,9351,8509351,Punt Muragl Staz,PTMS
id_8506018,6018,8506018,Rickenbach-Attikon,RIK
id_8503000,3000,8503000,Zürich HB,ZUE
id_8501157,1157,8501157,Le Sentier-L'Orient,SEN
id_8506048,6048,8506048,Marthalen,MTL
id_8509366,9366,8509366,Brusio,BRIO
id_8500023,23,8500023,Liestal,LST
id_8506016,6016,8506016,Oberwinterthur,OWT
id_8509354,9354,8509354,Bernina Suot,BESU
id_8507473,7473,8507473,Hohtenn,HT
id_8501487,1487,8501487,Bex-Place-du-Marché,BEXM
id_8501448,1448,8501448,Champéry,CRY
id_8501632,1632,8501632,Avry-Matran,AVRY
id_8504316,4316,8504316,Le Locle,LOC
id_8500093,93,8500093,Hölstein Weidbächli,HOEW
id_8505301,5301,8505301,Paradiso,LGP
id_8508053,8053,8508053,Steinibach,STBA
id_8502026,2026,8502026,Gelfingen,GELF
id_8500127,127,8500127,Courtemaîche,CTM
id_8501676,1676,8501676,Mörel,MOEL
id_8501572,1572,8501572,Martigny-Bourg,MABO
id_8507009,7009,8507009,Uttigen,UTI
id_8500135,135,8500135,Pontenet,PON
id_8504137,4137,8504137,Léchelles,LECH
id_8509055,9055,8509055,Igis,IGIS
id_8500121,121,8500121,Courfaivre,CFV
id_8504209,4209,8504209,Colombier NE,CLB
id_8504410,4410,8504410,Zollikofen,ZOL
id_8502017,2017,8502017,Waldibrücke,WAB
id_8509187,9187,8509187,Rodels-Realta,RORE
id_8501175,1175,8501175,Sugnens,SUGN
id_8501668,1668,8501668,Biel (Goms),BIGO
id_8501662,1662,8501662,Obergesteln,OBGE
id_8503205,3205,8503205,Au ZH,AU
id_8518243,18243,8518243,Beringerfeld,BERD
id_8506194,6194,8506194,Berg,BERG
id_8504063,4063,8504063,Semsales,SEMS
id_8505394,5394,8505394,Bioggio,BIOG
id_8503415,3415,8503415,Rümikon AG,RUEN
id_8501262,1262,8501262,Hauteville,HTV
id_8501390,1390,8501390,Belmont-sur-Montreux,BEMM
id_8506386,6386,8506386,Stoss AR,STOS
id_8506385,6385,8506385,Rietli,RITI
id_8506383,6383,8506383,Hebrig,HBRG
id_8506381,6381,8506381,Sammelplatz,SAPL
id_8516219,16219,8516219,Mellingen Heitersberg,MELH
id_8506368,6368,8506368,Gfeld,GFEL
id_8503506,3506,8503506,Killwangen-Spreitenbach,KLW
id_8500141,141,8500141,Courchavon,CCH
id_8500128,128,8500128,Boncourt,BCT
id_8500126,126,8500126,Porrentruy,POR
id_8500109,109,8500109,Delémont,DMT
id_8516187,16187,8516187,Zug Schutzengel,ZGSE
id_8506317,6317,8506317,Heerbrugg,HEBG
id_8506314,6314,8506314,St. Margrethen SG,SMG
id_8506309,6309,8506309,Egnach,EGN
id_8506306,6306,8506306,Rorschach Hafen,RSHF
id_8503310,3310,8503310,Glattbrugg,GLB
id_8500022,22,8500022,Frenkendorf-Füllinsdorf,FRE
id_8506271,6271,8506271,Gontenbad,GONB
id_8503225,3225,8503225,Ziegelbrücke,ZB
id_8506210,6210,8506210,Gossau SG,GSS
id_8503129,3129,8503129,Wallisellen,WS
id_8503116,3116,8503116,Uznach,UZ
id_8506139,6139,8506139,Stein am Rhein,STR
id_8506121,6121,8506121,Romanshorn,RH
id_8502222,2222,8502222,Bonstetten-Wettswil,BON
id_8518459,18459,8518459,Steinhausen Rigiblick,STRI
id_8504284,4284,8504284,La Presta Mines d'asphalte,PRST
id_8505493,5493,8505493,Cavigliano,CAVI
id_8500190,190,8500190,Les Emibois,EMI
id_8504125,4125,8504125,Domdidier,DOM
id_8502029,2029,8502029,Mosen,MO
id_8500275,275,8500275,Bei den Weihern,BDWE
id_8502189,2189,8502189,Gränichen Töndler,GRAT
id_8502180,2180,8502180,Muhen Nord,MUHN
id_8502167,2167,8502167,Reinach AG Nord,REIN
id_8516351,16351,8516351,Kriens Mattenhof,KRM
id_8506312,6312,8506312,Staad SG,STA
id_8501424,1424,8501424,Vouvry,VOU
id_8500285,285,8500285,Flumenthal,FLUM
id_8504472,4472,8504472,Sutz,SUTZ
id_8504469,4469,8504469,Nidau Beunden,NIBE
id_8507389,7389,8507389,Zweilütschinen,ZWEI
id_8504191,4191,8504191,Flamatt Dorf,FLMD
id_8508088,8088,8508088,Gerlafingen,GLF
id_8518963,18963,8518963,Solothurn Allmend,SOAD
id_8507088,7088,8507088,Lanzenhäusern,LH
id_8506107,6107,8506107,Erlen,ERL
id_8504133,4133,8504133,Cugy FR,CGY
id_8509006,9006,8509006,Chur Wiesental,CHWI
id_8507089,7089,8507089,Schwarzenburg,SCBG
id_8501094,1094,8501094,Apples,APPL
id_8504206,4206,8504206,Bevaix,BV
id_8504018,4018,8504018,Ecublens-Rue,ECU
id_8509063,9063,8509063,Fideris,FID
id_8588504,88504,8588504,Erzingen (Baden),ERZI
id_8506026,6026,8506026,Hemishofen,HEM
id_8508390,8390,8508390,Stansstad,SSTA
id_8503283,3283,8503283,Einsiedeln,EIS
id_8508312,8312,8508312,Giswil,GI
id_8506397,6397,8506397,Steinebrunn,STB
id_8506290,6290,8506290,Herisau,HE
id_8502188,2188,8502188,Zufikon Hammergut,ZUFH
id_8503299,3299,8503299,Hurden,HUR
id_8503295,3295,8503295,Wilen bei Wollerau,WILN
id_8518827,18827,8518827,Lauchringen West,
id_8518803,18803,8518803,Hausach,
id_8518809,18809,8518809,St. Georgen,
id_8518806,18806,8518806,Markelfingen,
id_8518819,18819,8518819,Bietingen,
id_8518845,18845,8518845,Engen,
id_8505592,5592,8505592,Marone,MARO
id_8518846,18846,8518846,Horb,
id_8518822,18822,8518822,Gottmadingen,
id_8505597,5597,8505597,Trontano,TRON
id_8518452,18452,8518452,Prilly-Malley,PRMA
id_8507474,7474,8507474,Goppenstein,GO
id_8502181,2181,8502181,Oberentfelden Uerkenbrücke,OEFU
id_8503223,3223,8503223,Reichenburg,RG
id_8500087,87,8500087,Waldenburg,WAG
id_8501428,1428,8501428,St-Gingolph (Suisse),STGI
id_8502220,2220,8502220,Urdorf,URD
id_8503221,3221,8503221,Siebnen-Wangen,SIB
id_8501008,1008,8501008,Genève,GE
id_8506214,6214,8506214,Sitterdorf,SIT
id_8503236,3236,8503236,Luchsingen-Hätzingen,LU
id_8509068,9068,8509068,Klosters Platz,KLO
id_8508359,8359,8508359,Innertkirchen Kraftwerk (Bahn),INN
id_8507068,7068,8507068,Bolligen,BOLI
id_8530801,30801,8530801,Aareschlucht Ost (Bahn),ATOS
id_8503206,3206,8503206,Wädenswil,WAE
id_8505000,5000,8505000,Luzern,LZ
id_8500124,124,8500124,St-Ursanne,SU
id_8530789,30789,8530789,Bioggio Molinazzo,BIOM
id_8503424,3424,8503424,Schaffhausen,SH
id_8507384,7384,8507384,Lauterbrunnen,LAUT
id_8506308,6308,8506308,Arbon,ARB
id_8506177,6177,8506177,Rosental,RTAL
id_8518475,18475,8518475,Mendrisio S. Martino,MOSM
id_8507069,7069,8507069,Ittigen bei Bern,ITT
id_8505391,5391,8505391,Lugano FLP,LGFL
id_8517010,17010,8517010,Riehen Niederholz,RINZ
id_8505861,5861,8505861,Maccagno,MAC
id_8509369,9369,8509369,Tirano,TIR
id_8505874,5874,8505874,Colmegna,CMA
id_8509268,9268,8509268,Scuol-Tarasp,SCTA
id_8504121,4121,8504121,Lucens,LUC
id_8503303,3303,8503303,Illnau,IL
id_8505497,5497,8505497,Palagnedra,PALG
id_8503224,3224,8503224,Bilten,BIL
id_8506293,6293,8506293,Mogelsberg,MOG
id_8509195,9195,8509195,Filisur,FILI
id_8530712,30712,8530712,Colombier NE Les Chézards,CNLC
id_8508054,8054,8508054,Worblaufen,WBL
id_8503462,3462,8503462,Herblingen,HERB
id_8509269,9269,8509269,Sagliains,SAGL
id_8500322,322,8500322,Laufenburg,LFG
id_8503409,3409,8503409,Bad Zurzach,ZZ
id_8501282,1282,8501282,Prélaz-sur-Blonay,PRLZ
id_8506171,6171,8506171,Frauenfeld Marktplatz,FFMA
id_8506104,6104,8506104,Märstetten,MAER
id_8506039,6039,8506039,Schloss Laufen am Rheinfall,SLF
id_8502213,2213,8502213,Wohlen AG,WO
id_8502205,2205,8502205,Walchwil,WCHW
id_8502201,2201,8502201,Gisikon-Root,GSK
id_8502100,2100,8502100,Safenwil,SAF
id_8502020,2020,8502020,Rothenburg Station,RBG
id_8502009,2009,8502009,Sempach-Neuenkirch,SEM
id_8505002,5002,8505002,Küssnacht am Rigi,KUE
id_8501505,1505,8501505,Ardon,ARD
id_8501422,1422,8501422,Collombey,CBY
id_8509004,9004,8509004,Bad Ragaz,BRAG
id_8501021,1021,8501021,Genthod-Bellevue,GDBE
id_8501012,1012,8501012,Creux-de-Genthod,CRGD
id_8501011,1011,8501011,Les Tuileries,TUI
id_8501007,1007,8501007,Vernier,COI
id_8501001,1001,8501001,La Plaine,LP
id_8530713,30713,8530713,Boudry Tuilière,BTUI
id_8594231,94231,8594231,Areuse Les Isles Littorail,ALIL
id_8504117,4117,8504117,Oberwangen,OWA
id_8507075,7075,8507075,Toffen,TO
id_8507064,7064,8507064,Vechigen,VECH
id_8504486,4486,8504486,Gümmenen,GMM
id_8500288,288,8500288,Oberbipp,OBBI
id_8505472,5472,8505472,Solduno,SOLD
id_8508285,8285,8508285,Gammenthal,GT
id_8504300,4300,8504300,Biel/Bienne,BI
id_8507071,7071,8507071,Seftigen,SF
id_8508275,8275,8508275,Affoltern-Weier,AFWE
id_8504102,4102,8504102,Schmitten FR,SCMI
id_8516444,16444,8516444,Kerzers Papiliorama,KZPP
id_8500196,196,8500196,Bollement,BOLL
id_8500181,181,8500181,La Chaux-d'Abel,CHXA
id_8501177,1177,8501177,Bercher,BERC
id_8530366,30366,8530366,Pont du Rhône,PTR
id_8501173,1173,8501173,Echallens,ECH
id_8504387,4387,8504387,Petit-Martel,PTMA
id_8530012,30012,8530012,Petit-Martel-Est,PTME
id_8507476,7476,8507476,Blausee-Mitholz,BL
id_8500105,105,8500105,Moutier,MOU
id_8530760,30760,8530760,Aareschlucht West,MRSS
id_8507494,7494,8507494,Därligen,DAE
id_8508155,8155,8508155,Bannwil,BAN
id_8505170,5170,8505170,Nätschen,NAET
id_8507382,7382,8507382,Burglauenen,BURG
id_8504308,4308,8504308,Cormoret,CORM
id_8507383,7383,8507383,Lütschental,LUEL
id_8507270,7270,8507270,Gruben,GRUB
id_8504077,4077,8504077,Gruyères,GRY
id_8508064,8064,8508064,Bätterkinden,BKI
id_8500262,262,8500262,Lommiswil,LOM
id_8508266,8266,8508266,Lützelflüh-Goldbach,LUGO
id_8508089,8089,8508089,Biberist Ost,BIST
id_8504113,4113,8504113,Wünnewil,WUE
id_8508286,8286,8508286,Griesbach,GBA
id_8508068,8068,8508068,Biberist RBS,BIBS
id_8508164,8164,8508164,St. Urban Ziegelei,ZIE
id_8508163,8163,8508163,St. Urban,SURB
id_8508162,8162,8508162,Roggwil Dorf,ROGD
id_8508186,8186,8508186,Rohrbach,RBA
id_8507480,7480,8507480,Reichenbach im Kandertal,REIK
id_8504027,4027,8504027,Neyruz FR,NEY
id_8508193,8193,8508193,Aarwangen Vorstadt,AARV
id_8507288,7288,8507288,Eifeld,EIF
id_8508087,8087,8508087,Wiler,WR
id_8505862,5862,8505862,Pino-Tronzano,PINT
id_8504016,4016,8504016,Palézieux-Village,PALV
id_8506275,6275,8506275,Steinegg,STEE
id_8504402,4402,8504402,Kallnach,KAL
id_8502192,2192,8502192,Distelberg,DIBE
id_8501661,1661,8501661,Oberwald,OBW
id_8501106,1106,8501106,Croy-Romainmôtier,CR
id_8508062,8062,8508062,Büren zum Hof,BUHO
id_8505496,5496,8505496,Verdasio,VERD
id_8506298,6298,8506298,Krummenau,KRU
id_8507092,7092,8507092,Belp Steinbach,BPST
id_8509070,9070,8509070,Davos Laret,DALT
id_8505213,5213,8505213,Bellinzona,BEL
id_8505407,5407,8505407,S. Nazzaro,SN
id_8505410,5410,8505410,Gerra (Gambarogno),GER
id_8505300,5300,8505300,Lugano,LG
id_8500144,144,8500144,Buix,BX
id_8503235,3235,8503235,Leuggelbach,LGB
id_8506009,6009,8506009,Saland,SD
id_8506181,6181,8506181,Bronschhofen,BRO
id_8507002,7002,8507002,Ostermundigen,OST
id_8504070,4070,8504070,Montbovon,MTB
id_8501280,1280,8501280,St-Légier-Gare,STLE
id_8506133,6133,8506133,Ermatingen,ERM